Date;Price;Open;High;Low;Change %
07/31/2025;6.546;6.55;6.58;6.546;-0.05%
07/30/2025;6.549;6.569;6.569;6.535;-0.02%
07/29/2025;6.55;6.537;6.551;6.536;0.18%
07/28/2025;6.538;6.522;6.542;6.522;0.25%
07/25/2025;6.522;6.51;6.527;6.51;0.18%
07/24/2025;6.51;6.489;6.512;6.489;0.31%
07/23/2025;6.49;6.484;6.491;6.482;0.11%
07/22/2025;6.483;6.516;6.524;6.483;-0.51%
07/21/2025;6.516;6.522;6.549;6.516;-0.53%
07/18/2025;6.551;6.59;6.592;6.522;-0.59%
07/17/2025;6.59;6.569;6.591;6.569;0.32%
07/16/2025;6.569;6.563;6.599;6.561;0.11%
07/15/2025;6.562;6.584;6.608;6.562;-0.33%
07/14/2025;6.584;6.577;6.612;6.577;0.11%
07/11/2025;6.577;6.586;6.586;6.569;-0.12%
07/10/2025;6.585;6.593;6.593;6.585;-0.11%
07/09/2025;6.592;6.584;6.614;6.584;0.12%
07/08/2025;6.584;6.592;6.604;6.584;-0.14%
07/07/2025;6.593;6.591;6.6;6.564;-0.03%
07/04/2025;6.595;6.599;6.614;6.599;0.04%
07/03/2025;6.593;6.613;6.615;6.584;-0.18%
07/02/2025;6.604;6.592;6.615;6.591;0.30%
07/01/2025;6.584;6.63;6.631;6.592;-0.56%
06/30/2025;6.622;6.632;6.651;6.623;-0.13%
06/26/2025;6.63;6.669;6.67;6.64;-0.70%
06/25/2025;6.677;6.709;6.709;6.692;-0.37%
06/24/2025;6.702;6.821;6.821;6.708;-1.59%
06/23/2025;6.81;6.749;6.825;6.749;0.98%
06/20/2025;6.744;6.736;6.755;6.736;0.26%
06/19/2025;6.727;6.713;6.745;6.712;0.31%
06/18/2025;6.706;6.719;6.727;6.708;-0.08%
06/17/2025;6.712;6.705;6.736;6.695;0.24%
06/16/2025;6.695;6.714;6.777;6.705;0.05%
06/13/2025;6.692;6.689;6.712;6.689;0.30%
06/12/2025;6.672;6.733;6.735;6.678;-0.74%
06/11/2025;6.721;6.752;6.752;6.733;-0.40%
06/10/2025;6.748;6.763;6.79;6.751;0.15%
06/05/2025;6.739;6.808;6.808;6.751;-0.94%
06/04/2025;6.802;6.819;6.825;6.809;-0.15%
06/03/2025;6.813;6.84;6.845;6.815;-0.25%
06/02/2025;6.83;6.832;6.867;6.832;0.13%
05/28/2025;6.821;6.82;6.845;6.819;0.15%
05/27/2025;6.811;6.821;6.822;6.812;0.06%
05/26/2025;6.806;6.811;6.827;6.794;-0.04%
05/23/2025;6.809;6.844;6.844;6.83;-0.33%
05/22/2025;6.832;6.819;6.858;6.819;0.33%
05/21/2025;6.809;6.839;6.839;6.813;-0.35%
05/20/2025;6.833;6.864;6.864;6.831;-0.33%
05/19/2025;6.856;6.866;6.887;6.859;-0.08%
05/16/2025;6.861;6.912;6.915;6.863;-0.65%
05/15/2025;6.906;6.902;6.917;6.902;0.27%
05/14/2025;6.887;6.852;6.922;6.852;0.86%
05/09/2025;6.829;6.877;6.877;6.85;-0.31%
05/08/2025;6.85;6.836;6.856;6.817;0.31%
05/07/2025;6.829;6.87;6.871;6.835;-0.49%
05/06/2025;6.863;6.865;6.907;6.865;0.18%
05/05/2025;6.851;6.865;6.886;6.856;-0.04%
05/02/2025;6.853;6.852;6.888;6.852;0.38%
04/30/2025;6.827;6.873;6.886;6.847;-0.59%
04/29/2025;6.867;6.898;6.905;6.873;-0.29%
04/28/2025;6.887;6.914;6.923;6.894;-0.28%
04/25/2025;6.906;6.948;6.966;6.916;-0.32%
04/24/2025;6.929;6.955;6.964;6.946;-0.13%
04/23/2025;6.938;6.997;7.003;6.95;-0.59%
04/22/2025;6.979;6.978;7.002;6.976;0.40%
04/21/2025;6.951;6.942;6.997;6.942;0.46%
04/17/2025;6.92;6.929;6.938;6.925;0.00%
04/16/2025;6.92;6.999;7;6.929;-0.56%
04/15/2025;6.959;7.027;7.027;6.984;-0.69%
04/14/2025;7.008;7.067;7.067;7.02;-0.44%
04/11/2025;7.039;7.093;7.104;7.064;0.35%
04/10/2025;7.015;7.14;7.14;7.016;-1.49%
04/09/2025;7.121;7.083;7.235;7.064;0.81%
04/08/2025;7.063;6.99;7.201;6.99;1.42%
03/27/2025;6.964;7.104;7.104;6.98;-1.78%
03/26/2025;7.09;7.205;7.205;7.102;-1.47%
03/25/2025;7.196;7.176;7.232;7.176;0.38%
03/24/2025;7.169;7.193;7.221;7.176;-0.19%
03/21/2025;7.183;7.111;7.197;7.111;1.35%
03/20/2025;7.088;7.091;7.114;7.078;0.30%
03/19/2025;7.067;7.036;7.096;7.036;0.61%
03/18/2025;7.024;6.999;7.036;6.998;0.60%
03/17/2025;6.982;6.975;6.999;6.975;0.28%
03/14/2025;6.963;6.954;6.981;6.953;0.38%
03/13/2025;6.936;6.925;6.955;6.924;0.31%
03/12/2025;6.915;6.919;6.925;6.911;0.20%
03/11/2025;6.901;6.88;6.922;6.88;0.48%
03/10/2025;6.868;6.878;6.885;6.871;0.15%
03/07/2025;6.858;6.886;6.897;6.869;-0.25%
03/06/2025;6.875;6.85;6.888;6.845;0.42%
03/05/2025;6.846;6.879;6.879;6.848;-0.36%
03/04/2025;6.871;6.883;6.884;6.875;-0.02%
03/03/2025;6.872;6.919;6.926;6.883;-0.76%
02/28/2025;6.925;6.929;7.007;6.919;-0.06%
02/27/2025;6.929;6.851;6.941;6.851;1.11%
02/26/2025;6.853;6.863;6.863;6.852;-0.16%
02/25/2025;6.864;6.783;6.864;6.781;1.21%
02/24/2025;6.782;6.789;6.789;6.769;-0.09%
02/21/2025;6.788;6.77;6.79;6.757;0.28%
02/20/2025;6.769;6.846;6.853;6.769;-1.15%
02/19/2025;6.848;6.758;6.852;6.758;1.33%
02/18/2025;6.758;6.834;6.836;6.757;-1.08%
02/17/2025;6.832;6.749;6.838;6.749;1.20%
02/14/2025;6.751;6.84;6.844;6.743;-1.29%
02/13/2025;6.839;6.832;6.851;6.828;0.10%
02/12/2025;6.832;6.807;6.833;6.807;0.37%
02/11/2025;6.807;6.832;6.847;6.804;-0.37%
02/10/2025;6.832;6.899;6.899;6.821;-0.81%
02/07/2025;6.888;6.894;6.904;6.874;-0.07%
02/06/2025;6.893;6.917;6.958;6.842;-0.33%
02/05/2025;6.916;6.984;6.984;6.916;-1.62%
02/04/2025;7.03;7.063;7.094;7.03;-0.47%
02/03/2025;7.063;6.981;7.098;6.981;1.13%
01/31/2025;6.984;6.966;6.996;6.966;0.27%
01/30/2025;6.965;6.967;6.979;6.954;0.13%
01/24/2025;6.956;7.066;7.066;6.948;-1.57%
01/23/2025;7.067;7.099;7.123;7.058;-0.44%
01/22/2025;7.098;7.114;7.131;7.098;-0.24%
01/21/2025;7.115;7.173;7.173;7.114;-0.82%
01/20/2025;7.174;7.148;7.174;7.148;0.32%
01/17/2025;7.151;7.162;7.163;7.136;-0.17%
01/16/2025;7.163;7.242;7.242;7.163;-1.08%
01/15/2025;7.241;7.297;7.32;7.241;-0.78%
01/14/2025;7.298;7.297;7.307;7.293;0.00%
01/13/2025;7.298;7.161;7.312;7.161;1.80%
01/10/2025;7.169;7.219;7.22;7.164;-0.78%
01/09/2025;7.225;7.188;7.225;7.185;0.51%
01/08/2025;7.188;7.123;7.191;7.123;0.91%
01/07/2025;7.123;7.068;7.168;7.068;0.79%
01/06/2025;7.067;7.015;7.077;7.015;0.37%
01/03/2025;7.041;6.992;7.044;6.992;0.44%
01/02/2025;7.01;7.038;7.038;7.01;-0.17%
12/31/2024;7.022;7.031;7.05;7.022;-0.11%
12/30/2024;7.03;7.037;7.051;7.03;0.04%
12/27/2024;7.027;7.024;7.028;7.023;-0.13%
12/24/2024;7.036;7.05;7.05;7.036;-0.14%
12/23/2024;7.046;7.075;7.075;7.042;-0.23%
12/20/2024;7.062;7.11;7.11;7.062;-0.68%
12/19/2024;7.11;7.066;7.11;7.065;0.64%
12/18/2024;7.065;7.066;7.066;7.064;0.01%
12/17/2024;7.064;7.069;7.073;7.064;-0.08%
12/16/2024;7.07;7.074;7.074;7.054;0.11%
12/13/2024;7.062;6.987;7.065;6.987;1.07%
12/12/2024;6.987;6.949;6.995;6.944;0.55%
12/11/2024;6.949;6.92;6.955;6.92;0.40%
12/10/2024;6.921;6.916;6.921;6.916;0.07%
12/09/2024;6.916;6.906;6.916;6.906;-0.01%
12/06/2024;6.917;6.906;6.917;6.906;0.16%
12/05/2024;6.906;6.906;6.911;6.906;0.00%
12/04/2024;6.906;6.891;6.906;6.891;0.22%
12/03/2024;6.891;6.887;6.891;6.885;0.09%
12/02/2024;6.885;6.913;6.913;6.874;0.19%
11/29/2024;6.872;6.903;6.903;6.87;-0.45%
11/28/2024;6.903;6.905;6.92;6.903;-0.29%
11/26/2024;6.923;6.898;6.96;6.895;0.39%
11/25/2024;6.896;6.905;6.911;6.893;-0.17%
11/22/2024;6.908;6.906;6.914;6.904;0.03%
11/21/2024;6.906;6.897;6.92;6.897;0.28%
11/20/2024;6.887;6.904;6.904;6.88;-0.26%
11/19/2024;6.905;6.902;6.909;6.888;0.07%
11/18/2024;6.9;6.92;6.92;6.9;-0.03%
11/15/2024;6.902;6.939;6.941;6.902;-0.55%
11/14/2024;6.94;6.911;6.94;6.91;0.43%
11/13/2024;6.91;6.874;6.945;6.874;0.52%
11/12/2024;6.874;6.754;6.879;6.754;1.84%
11/11/2024;6.75;6.77;6.77;6.726;0.33%
11/08/2024;6.728;6.777;6.777;6.728;-0.74%
11/07/2024;6.778;6.77;6.785;6.77;0.12%
11/06/2024;6.77;6.742;6.792;6.74;0.43%
11/05/2024;6.741;6.768;6.779;6.736;-0.38%
11/04/2024;6.767;6.77;6.777;6.758;-0.10%
11/01/2024;6.774;6.777;6.781;6.754;-0.04%
10/31/2024;6.777;6.829;6.849;6.777;-0.76%
10/30/2024;6.829;6.854;6.868;6.829;-0.39%
10/29/2024;6.856;6.843;6.868;6.842;0.18%
10/28/2024;6.844;6.807;6.845;6.807;1.32%
10/25/2024;6.755;6.767;6.776;6.75;-0.18%
10/24/2024;6.767;6.814;6.819;6.766;-0.69%
10/23/2024;6.814;6.738;6.834;6.738;1.13%
10/22/2024;6.738;6.641;6.738;6.641;1.46%
10/21/2024;6.641;6.652;6.666;6.625;-0.15%
10/18/2024;6.651;6.668;6.668;6.65;-0.27%
10/17/2024;6.669;6.674;6.674;6.65;-0.07%
10/16/2024;6.674;6.714;6.714;6.674;-0.57%
10/15/2024;6.712;6.691;6.714;6.683;0.31%
10/14/2024;6.691;6.696;6.7;6.623;0.07%
10/11/2024;6.686;6.679;6.688;6.676;0.10%
10/10/2024;6.679;6.677;6.694;6.677;0.03%
10/09/2024;6.677;6.716;6.725;6.677;-0.58%
10/08/2024;6.716;6.787;6.802;6.716;-1.03%
10/07/2024;6.786;6.645;6.789;6.645;2.15%
10/04/2024;6.643;6.521;6.66;6.52;1.87%
10/03/2024;6.521;6.496;6.521;6.495;0.40%
10/02/2024;6.495;6.459;6.497;6.459;0.56%
10/01/2024;6.459;6.46;6.465;6.448;-0.03%
09/30/2024;6.461;6.465;6.465;6.434;0.17%
09/27/2024;6.45;6.471;6.474;6.43;-0.31%
09/26/2024;6.47;6.441;6.555;6.441;0.43%
09/25/2024;6.442;6.442;6.532;6.425;0.02%
09/24/2024;6.441;6.453;6.458;6.432;-0.19%
09/23/2024;6.453;6.426;6.47;6.426;0.39%
09/20/2024;6.428;6.481;6.482;6.428;-0.83%
09/19/2024;6.482;6.547;6.548;6.482;-0.99%
09/18/2024;6.547;6.562;6.568;6.546;-0.20%
09/17/2024;6.56;6.573;6.573;6.56;-0.02%
09/13/2024;6.561;6.585;6.588;6.56;-0.36%
09/12/2024;6.585;6.577;6.614;6.577;0.11%
09/11/2024;6.578;6.622;6.63;6.574;-0.66%
09/10/2024;6.622;6.614;6.622;6.611;0.12%
09/09/2024;6.614;6.61;6.642;6.602;0.17%
09/06/2024;6.603;6.622;6.622;6.589;-0.29%
09/05/2024;6.622;6.669;6.669;6.622;-0.70%
09/04/2024;6.669;6.659;6.684;6.657;0.15%
09/03/2024;6.659;6.639;6.677;6.639;0.29%
09/02/2024;6.64;6.619;6.641;6.619;0.23%
08/30/2024;6.625;6.619;6.641;6.619;0.11%
08/29/2024;6.618;6.622;6.63;6.618;-0.06%
08/28/2024;6.622;6.633;6.648;6.622;-0.17%
08/27/2024;6.633;6.631;6.661;6.625;0.45%
08/26/2024;6.603;6.624;6.628;6.588;-0.38%
08/23/2024;6.628;6.666;6.698;6.626;-0.58%
08/22/2024;6.667;6.605;6.667;6.604;0.92%
08/21/2024;6.606;6.624;6.624;6.59;-0.29%
08/20/2024;6.625;6.683;6.696;6.625;-0.90%
08/19/2024;6.685;6.704;6.704;6.682;-0.30%
08/16/2024;6.705;6.758;6.76;6.705;-0.06%
08/15/2024;6.709;6.741;6.741;6.709;-0.47%
08/14/2024;6.741;6.778;6.778;6.741;-0.55%
08/13/2024;6.778;6.8;6.801;6.772;-0.32%
08/12/2024;6.8;6.769;6.809;6.767;0.49%
08/09/2024;6.767;6.775;6.813;6.767;-0.12%
08/08/2024;6.775;6.805;6.806;6.773;-0.46%
08/07/2024;6.806;6.822;6.823;6.804;-0.25%
08/06/2024;6.823;6.808;6.831;6.807;0.24%
08/05/2024;6.807;6.842;6.842;6.77;-0.50%
08/02/2024;6.841;6.835;6.841;6.835;0.09%
08/01/2024;6.835;6.89;6.891;6.834;-0.78%
07/31/2024;6.889;6.923;6.923;6.889;-0.48%
07/30/2024;6.922;6.912;6.938;6.912;0.16%
07/29/2024;6.911;6.973;6.973;6.911;-0.75%
07/26/2024;6.963;6.972;7.018;6.959;-0.11%
07/25/2024;6.971;6.989;7.01;6.971;-0.24%
07/24/2024;6.988;7.004;7.022;6.988;-0.23%
07/23/2024;7.004;6.988;7.008;6.988;0.21%
07/22/2024;6.989;6.95;7.002;6.95;0.60%
07/19/2024;6.947;6.9;6.947;6.9;0.68%
07/18/2024;6.9;6.904;6.963;6.899;-0.06%
07/17/2024;6.904;6.927;6.927;6.903;-0.30%
07/16/2024;6.925;6.957;6.966;6.924;-0.47%
07/15/2024;6.958;6.927;6.979;6.927;0.40%
07/12/2024;6.93;6.983;6.984;6.929;-0.76%
07/11/2024;6.983;7.016;7.029;6.983;-0.46%
07/10/2024;7.015;7.06;7.06;7.015;-0.51%
07/09/2024;7.051;7.031;7.051;7.031;0.28%
07/08/2024;7.031;7.059;7.059;7.002;-0.21%
07/05/2024;7.046;7.067;7.072;7.032;-0.31%
07/04/2024;7.068;7.094;7.098;7.063;-0.37%
07/03/2024;7.094;7.112;7.123;7.093;-0.24%
07/02/2024;7.111;7.069;7.113;7.068;0.61%
07/01/2024;7.068;7.044;7.088;7.044;0.20%
06/28/2024;7.054;7.087;7.087;7.051;-0.48%
06/27/2024;7.088;7.082;7.139;7.082;0.08%
06/26/2024;7.082;7.067;7.113;7.067;0.21%
06/25/2024;7.067;7.096;7.115;7.067;-0.42%
06/24/2024;7.097;7.117;7.128;7.096;-0.25%
06/21/2024;7.115;7.144;7.186;7.115;-0.41%
06/20/2024;7.144;7.094;7.147;7.094;0.70%
06/19/2024;7.094;7.22;7.243;7.093;-0.64%
06/14/2024;7.14;6.963;7.209;6.963;2.54%
06/13/2024;6.963;7.022;7.03;6.962;-0.84%
06/12/2024;7.022;7.021;7.022;7.017;0.01%
06/11/2024;7.021;6.982;7.028;6.982;0.59%
06/10/2024;6.98;6.925;6.982;6.905;1.04%
06/07/2024;6.908;6.92;6.925;6.897;-0.16%
06/06/2024;6.919;6.926;6.927;6.911;-0.09%
06/05/2024;6.925;6.878;6.928;6.871;0.71%
06/04/2024;6.876;6.913;6.913;6.839;-0.51%
06/03/2024;6.911;6.953;6.953;6.911;-0.27%
05/31/2024;6.93;6.947;6.948;6.929;-0.24%
05/30/2024;6.947;6.933;6.988;6.933;0.22%
05/29/2024;6.932;6.896;6.95;6.896;0.52%
05/28/2024;6.896;6.886;6.919;6.885;0.15%
05/27/2024;6.886;6.837;6.921;6.837;0.64%
05/22/2024;6.842;6.884;6.896;6.841;-0.60%
05/21/2024;6.883;6.883;6.917;6.88;0.00%
05/20/2024;6.883;6.808;6.887;6.802;1.19%
05/17/2024;6.802;6.761;6.802;6.761;0.59%
05/16/2024;6.762;6.862;6.88;6.761;-2.45%
05/15/2024;6.932;6.969;6.996;6.914;-0.52%
05/14/2024;6.968;7.035;7.053;6.968;-0.95%
05/13/2024;7.035;6.981;7.062;6.972;0.90%
05/08/2024;6.972;6.944;6.978;6.944;0.42%
05/07/2024;6.943;6.88;6.946;6.88;0.92%
05/06/2024;6.88;6.995;6.995;6.866;-1.57%
05/03/2024;6.99;7.155;7.155;6.988;-2.29%
05/02/2024;7.154;7.274;7.274;7.153;-1.57%
04/30/2024;7.268;7.236;7.272;7.234;0.40%
04/29/2024;7.239;7.192;7.329;7.192;0.44%
04/26/2024;7.207;7.122;7.214;7.122;1.19%
04/25/2024;7.122;7.083;7.139;7.076;0.62%
04/24/2024;7.078;7.054;7.102;6.986;0.34%
04/23/2024;7.054;7.077;7.077;7.043;-0.32%
04/22/2024;7.077;7.052;7.078;7.044;0.48%
04/19/2024;7.043;6.909;7.057;6.909;1.92%
04/18/2024;6.91;6.976;6.976;6.909;-0.96%
04/17/2024;6.977;6.939;7.037;6.936;0.55%
04/16/2024;6.939;6.658;6.946;6.658;4.46%
04/05/2024;6.643;6.683;6.685;6.622;-0.60%
04/04/2024;6.683;6.695;6.7;6.681;-0.16%
04/03/2024;6.694;6.696;6.698;6.68;-0.03%
04/02/2024;6.696;6.702;6.707;6.677;-0.06%
04/01/2024;6.7;6.708;6.708;6.694;0.12%
03/28/2024;6.692;6.732;6.737;6.692;-0.58%
03/27/2024;6.731;6.713;6.731;6.712;0.27%
03/26/2024;6.713;6.66;6.717;6.659;0.78%
03/25/2024;6.661;6.652;6.662;6.652;0.06%
03/22/2024;6.657;6.627;6.661;6.627;0.48%
03/21/2024;6.625;6.665;6.666;6.625;-0.63%
03/20/2024;6.667;6.638;6.667;6.638;0.38%
03/19/2024;6.642;6.655;6.655;6.642;-0.18%
03/18/2024;6.654;6.652;6.654;6.642;0.09%
03/15/2024;6.648;6.645;6.66;6.644;0.06%
03/14/2024;6.644;6.641;6.651;6.641;0.06%
03/13/2024;6.64;6.638;6.659;6.625;0.09%
03/08/2024;6.634;6.641;6.641;6.634;-0.09%
03/07/2024;6.64;6.641;6.641;6.64;0.02%
03/06/2024;6.639;6.65;6.651;6.625;-0.18%
03/05/2024;6.651;6.65;6.654;6.647;0.02%
03/04/2024;6.65;6.624;6.652;6.624;0.35%
03/01/2024;6.627;6.605;6.628;6.605;0.32%
02/29/2024;6.606;6.597;6.606;6.597;0.14%
02/28/2024;6.597;6.584;6.61;6.584;0.18%
02/27/2024;6.585;6.569;6.597;6.569;0.24%
02/26/2024;6.569;6.555;6.569;6.555;0.08%
02/23/2024;6.564;6.543;6.573;6.543;0.31%
02/22/2024;6.544;6.597;6.607;6.543;-0.80%
02/21/2024;6.597;6.615;6.616;6.597;-0.24%
02/20/2024;6.613;6.611;6.63;6.61;0.03%
02/19/2024;6.611;6.618;6.644;6.611;-0.15%
02/16/2024;6.621;6.622;6.646;6.617;-0.03%
02/15/2024;6.623;6.639;6.644;6.595;-0.29%
02/13/2024;6.642;6.63;6.652;6.63;0.18%
02/12/2024;6.63;6.611;6.643;6.606;0.17%
02/07/2024;6.619;6.609;6.62;6.609;0.14%
02/06/2024;6.61;6.62;6.662;6.609;-0.18%
02/05/2024;6.622;6.522;6.624;6.519;1.58%
02/02/2024;6.519;6.545;6.545;6.516;-0.40%
02/01/2024;6.545;6.585;6.585;6.536;-0.61%
01/31/2024;6.585;6.608;6.608;6.585;-0.35%
01/30/2024;6.608;6.626;6.627;6.604;-0.30%
01/29/2024;6.628;6.652;6.652;6.626;-0.23%
01/26/2024;6.643;6.636;6.65;6.636;0.11%
01/25/2024;6.636;6.617;6.636;6.617;0.29%
01/24/2024;6.617;6.604;6.661;6.604;0.20%
01/23/2024;6.604;6.597;6.606;6.597;0.15%
01/22/2024;6.594;6.59;6.594;6.585;-0.11%
01/19/2024;6.601;6.673;6.673;6.601;-1.08%
01/18/2024;6.673;6.704;6.735;6.673;-0.48%
01/17/2024;6.705;6.668;6.713;6.668;0.55%
01/16/2024;6.668;6.665;6.684;6.665;0.05%
01/15/2024;6.665;6.659;6.665;6.649;0.11%
01/12/2024;6.658;6.649;6.658;6.64;0.14%
01/11/2024;6.649;6.686;6.686;6.63;-1.23%
01/10/2024;6.732;6.728;6.745;6.728;0.06%
01/09/2024;6.728;6.715;6.733;6.715;0.19%
01/08/2024;6.715;6.7;6.715;6.7;0.99%
01/05/2024;6.649;6.623;6.651;6.623;0.41%
01/04/2024;6.622;6.637;6.638;6.621;-0.03%
01/03/2024;6.624;6.521;6.624;6.521;1.56%
01/02/2024;6.522;6.477;6.524;6.477;-0.46%
01/01/2024;6.552;6.552;6.552;6.552;1.08%
12/29/2023;6.482;6.494;6.494;6.482;-0.11%
12/28/2023;6.489;6.495;6.495;6.482;-0.15%
12/27/2023;6.499;6.499;6.502;6.494;-1.15%
12/25/2023;6.575;6.575;6.575;6.575;1.16%
12/22/2023;6.499;6.503;6.506;6.499;0.08%
12/21/2023;6.494;6.504;6.504;6.494;-0.14%
12/20/2023;6.503;6.519;6.519;6.502;-0.14%
12/19/2023;6.512;6.522;6.523;6.509;-0.50%
12/18/2023;6.545;6.761;6.761;6.545;-1.42%
12/15/2023;6.639;6.69;6.69;6.639;-1.09%
12/14/2023;6.712;6.744;6.748;6.712;-0.47%
12/13/2023;6.744;6.693;6.773;6.693;0.76%
12/12/2023;6.693;6.622;6.693;6.622;1.29%
12/11/2023;6.608;6.587;6.617;6.587;0.29%
12/08/2023;6.589;6.59;6.594;6.588;0.14%
12/07/2023;6.58;6.591;6.591;6.58;-0.14%
12/06/2023;6.589;6.58;6.611;6.58;-0.15%
12/05/2023;6.599;6.612;6.612;6.599;-0.18%
12/04/2023;6.611;6.602;6.612;6.602;0.14%
12/01/2023;6.602;6.627;6.627;6.602;-0.21%
11/30/2023;6.616;6.614;6.616;6.604;-0.27%
11/29/2023;6.634;6.75;6.75;6.634;-1.29%
11/28/2023;6.721;6.735;6.735;6.717;-0.09%
11/27/2023;6.727;6.674;6.735;6.674;0.79%
11/24/2023;6.674;6.65;6.677;6.649;0.50%
11/23/2023;6.641;6.658;6.658;6.641;-0.14%
11/22/2023;6.65;6.672;6.672;6.65;-0.18%
11/21/2023;6.662;6.654;6.664;6.631;0.29%
11/20/2023;6.643;6.639;6.646;6.61;0.09%
11/17/2023;6.637;6.745;6.745;6.637;-1.56%
11/16/2023;6.742;6.75;6.777;6.742;-0.85%
11/15/2023;6.8;6.946;6.946;6.8;-2.10%
11/14/2023;6.946;6.944;6.948;6.941;0.64%
11/13/2023;6.902;6.704;6.926;6.704;1.98%
11/10/2023;6.768;6.741;6.781;6.741;0.40%
11/09/2023;6.741;6.752;6.753;6.741;-0.16%
11/08/2023;6.752;6.744;6.752;6.718;0.52%
11/07/2023;6.717;6.69;6.754;6.688;0.39%
11/06/2023;6.691;6.85;6.887;6.688;-2.72%
11/03/2023;6.878;6.936;6.936;6.847;-1.26%
11/02/2023;6.966;7.055;7.056;6.934;-1.15%
11/01/2023;7.047;7.072;7.081;7.042;-0.35%
10/31/2023;7.072;7.122;7.136;7.072;-0.70%
10/30/2023;7.122;7.117;7.135;7.117;-0.53%
10/27/2023;7.16;7.212;7.212;7.142;-0.56%
10/26/2023;7.2;7.187;7.262;7.187;0.17%
10/25/2023;7.188;7.245;7.245;7.188;-0.79%
10/24/2023;7.245;7.29;7.298;7.245;-0.26%
10/23/2023;7.264;7.192;7.264;7.192;1.40%
10/20/2023;7.164;7.11;7.164;7.099;2.05%
10/19/2023;7.02;6.838;7.02;6.838;2.75%
10/18/2023;6.832;6.84;6.928;6.832;0.29%
10/17/2023;6.812;6.767;6.812;6.765;0.78%
10/16/2023;6.759;6.742;6.795;6.74;-0.34%
10/13/2023;6.782;6.815;6.831;6.782;0.16%
10/12/2023;6.771;6.8;6.8;6.762;-0.83%
10/11/2023;6.828;6.92;6.92;6.828;-1.63%
10/10/2023;6.941;7.005;7.005;6.941;-0.90%
10/09/2023;7.004;7.013;7.057;7.004;-0.06%
10/06/2023;7.008;7.035;7.035;7.005;-0.38%
10/05/2023;7.035;7.109;7.109;7.023;-0.68%
10/04/2023;7.083;7.025;7.083;7.025;0.83%
10/03/2023;7.025;6.988;7.05;6.988;0.77%
10/02/2023;6.971;6.925;6.971;6.901;0.88%
09/29/2023;6.91;6.888;6.91;6.878;-1.18%
09/28/2023;6.992;6.992;6.992;6.992;1.55%
09/27/2023;6.886;6.846;6.888;6.846;0.57%
09/26/2023;6.847;6.747;6.862;6.747;1.57%
09/25/2023;6.741;6.737;6.764;6.729;0.06%
09/22/2023;6.737;6.823;6.823;6.737;-0.91%
09/21/2023;6.799;6.765;6.799;6.754;0.50%
09/20/2023;6.765;6.759;6.827;6.759;0.24%
09/19/2023;6.749;6.734;6.754;6.73;0.49%
09/18/2023;6.716;6.687;6.735;6.687;0.34%
09/15/2023;6.693;6.64;6.693;6.64;0.78%
09/14/2023;6.641;6.682;6.682;6.623;-0.61%
09/13/2023;6.682;6.652;6.703;6.652;0.48%
09/12/2023;6.65;6.616;6.65;6.616;0.83%
09/11/2023;6.595;6.532;6.595;6.532;0.50%
09/08/2023;6.562;6.57;6.581;6.562;0.00%
09/07/2023;6.562;6.534;6.573;6.511;0.64%
09/06/2023;6.52;6.446;6.521;6.446;1.15%
09/05/2023;6.446;6.397;6.446;6.397;0.99%
09/04/2023;6.383;6.372;6.397;6.372;0.03%
09/01/2023;6.381;6.381;6.386;6.381;0.00%
08/31/2023;6.381;6.367;6.389;6.367;0.20%
08/30/2023;6.368;6.389;6.389;6.354;-0.41%
08/29/2023;6.394;6.466;6.466;6.394;-1.11%
08/28/2023;6.466;6.505;6.54;6.465;-0.95%
08/25/2023;6.528;6.575;6.575;6.528;-0.70%
08/24/2023;6.574;6.614;6.614;6.552;-0.60%
08/23/2023;6.614;6.687;6.692;6.614;-0.94%
08/22/2023;6.677;6.623;6.742;6.623;1.46%
08/21/2023;6.581;6.513;6.638;6.513;1.37%
08/18/2023;6.492;6.43;6.496;6.43;-0.38%
08/17/2023;6.517;6.517;6.517;6.517;1.20%
08/16/2023;6.44;6.423;6.447;6.423;0.47%
08/15/2023;6.41;6.383;6.41;6.383;0.56%
08/14/2023;6.374;6.327;6.382;6.327;0.70%
08/11/2023;6.33;6.333;6.346;6.327;0.03%
08/10/2023;6.328;6.33;6.345;6.328;-0.11%
08/09/2023;6.335;6.36;6.365;6.335;-0.35%
08/08/2023;6.357;6.361;6.366;6.351;0.16%
08/07/2023;6.347;6.348;6.362;6.328;0.14%
08/04/2023;6.338;6.306;6.342;6.305;0.84%
08/03/2023;6.285;6.281;6.285;6.271;0.27%
08/02/2023;6.268;6.267;6.281;6.263;0.02%
08/01/2023;6.267;6.272;6.276;6.267;-0.02%
07/31/2023;6.268;6.294;6.306;6.268;-0.10%
07/28/2023;6.274;6.261;6.281;6.261;0.26%
07/27/2023;6.258;6.272;6.272;6.242;0.05%
07/26/2023;6.255;6.24;6.255;6.233;0.35%
07/25/2023;6.233;6.261;6.261;6.23;-0.21%
07/24/2023;6.246;6.295;6.295;6.243;0.03%
07/21/2023;6.244;6.241;6.246;6.227;0.29%
07/20/2023;6.226;6.207;6.241;6.207;0.23%
07/18/2023;6.212;6.209;6.214;6.202;0.18%
07/17/2023;6.201;6.194;6.201;6.189;0.16%
07/14/2023;6.191;6.196;6.196;6.18;-0.08%
07/13/2023;6.196;6.206;6.206;6.192;-0.13%
07/12/2023;6.204;6.25;6.25;6.201;-0.74%
07/11/2023;6.25;6.258;6.263;6.245;-0.13%
07/10/2023;6.258;6.229;6.258;6.229;0.19%
07/07/2023;6.246;6.21;6.263;6.21;0.58%
07/06/2023;6.21;6.2;6.232;6.2;0.37%
07/05/2023;6.187;6.227;6.227;6.187;-0.63%
07/04/2023;6.226;6.231;6.236;6.226;-0.08%
07/03/2023;6.231;6.223;6.233;6.223;-1.49%
06/28/2023;6.325;6.325;6.325;6.325;1.09%
06/27/2023;6.257;6.289;6.291;6.257;-0.46%
06/26/2023;6.286;6.298;6.312;6.286;-0.30%
06/23/2023;6.305;6.296;6.305;6.286;0.13%
06/22/2023;6.297;6.324;6.324;6.297;-0.43%
06/21/2023;6.324;6.345;6.345;6.324;-0.33%
06/20/2023;6.345;6.324;6.369;6.324;0.55%
06/19/2023;6.31;6.299;6.314;6.295;0.06%
06/16/2023;6.306;6.286;6.306;6.286;0.43%
06/15/2023;6.279;6.271;6.284;6.261;0.27%
06/14/2023;6.262;6.294;6.294;6.248;-0.65%
06/13/2023;6.303;6.309;6.316;6.3;-0.10%
06/12/2023;6.309;6.327;6.331;6.309;-0.50%
06/09/2023;6.341;6.368;6.368;6.341;-0.42%
06/08/2023;6.368;6.344;6.385;6.344;0.36%
06/07/2023;6.345;6.341;6.345;6.316;-0.16%
06/06/2023;6.355;6.4;6.4;6.355;-0.70%
06/05/2023;6.4;6.369;6.406;6.369;-0.87%
06/01/2023;6.456;6.456;6.456;6.456;1.00%
05/31/2023;6.392;6.4;6.4;6.392;0.00%
05/30/2023;6.392;6.417;6.417;6.392;-0.28%
05/29/2023;6.41;6.417;6.429;6.41;-0.39%
05/26/2023;6.435;6.411;6.445;6.411;0.42%
05/25/2023;6.408;6.423;6.436;6.406;-0.19%
05/24/2023;6.42;6.444;6.449;6.42;-0.19%
05/23/2023;6.432;6.461;6.461;6.42;-0.34%
05/22/2023;6.454;6.418;6.459;6.418;0.44%
05/19/2023;6.426;6.35;6.43;6.35;-0.28%
05/18/2023;6.444;6.444;6.444;6.444;1.23%
05/17/2023;6.366;6.408;6.415;6.366;-0.53%
05/16/2023;6.4;6.428;6.434;6.389;-0.28%
05/15/2023;6.418;6.405;6.473;6.405;0.20%
05/12/2023;6.405;6.436;6.436;6.383;-0.36%
05/11/2023;6.428;6.48;6.48;6.424;-0.71%
05/10/2023;6.474;6.5;6.5;6.469;-0.05%
05/09/2023;6.477;6.493;6.504;6.456;0.08%
05/08/2023;6.472;6.467;6.502;6.46;0.56%
05/05/2023;6.436;6.437;6.444;6.402;-0.08%
05/04/2023;6.441;6.511;6.511;6.441;-1.36%
05/03/2023;6.53;6.52;6.533;6.509;0.20%
05/02/2023;6.517;6.523;6.523;6.509;-0.29%
04/28/2023;6.536;6.543;6.557;6.536;0.06%
04/27/2023;6.532;6.579;6.588;6.502;-0.73%
04/26/2023;6.58;6.654;6.654;6.564;-2.49%
04/19/2023;6.748;6.748;6.748;6.748;1.20%
04/18/2023;6.668;6.648;6.684;6.648;0.36%
04/17/2023;6.644;6.634;6.644;6.634;0.08%
04/14/2023;6.639;6.649;6.649;6.622;-0.06%
04/13/2023;6.643;6.646;6.649;6.629;0.06%
04/12/2023;6.639;6.676;6.677;6.634;-0.51%
04/11/2023;6.673;6.698;6.698;6.673;-0.39%
04/10/2023;6.699;6.648;6.704;6.643;-0.80%
04/07/2023;6.753;6.753;6.753;6.753;1.12%
04/06/2023;6.678;6.711;6.715;6.674;-0.49%
04/05/2023;6.711;6.758;6.758;6.711;-0.52%
04/04/2023;6.746;6.795;6.797;6.736;-0.60%
04/03/2023;6.787;6.801;6.801;6.755;-0.41%
03/31/2023;6.815;6.843;6.843;6.797;-0.31%
03/30/2023;6.836;6.829;6.864;6.829;0.09%
03/29/2023;6.83;6.808;6.831;6.808;0.38%
03/28/2023;6.804;6.802;6.811;6.772;0.03%
03/27/2023;6.802;6.753;6.802;6.753;-0.60%
03/24/2023;6.843;6.886;6.892;6.767;-2.15%
03/22/2023;6.994;6.994;6.994;6.994;1.33%
03/21/2023;6.902;6.905;6.915;6.893;0.16%
03/20/2023;6.891;6.851;6.9;6.851;-0.89%
03/17/2023;6.953;6.856;6.984;6.856;1.94%
03/16/2023;6.821;6.763;6.821;6.721;0.96%
03/15/2023;6.756;6.804;6.806;6.756;-0.52%
03/14/2023;6.791;6.893;6.893;6.766;-1.48%
03/13/2023;6.893;6.928;6.931;6.844;-0.99%
03/10/2023;6.962;7.041;7.041;6.962;-1.09%
03/09/2023;7.039;7.043;7.059;7.023;0.64%
03/08/2023;6.994;6.979;7.022;6.979;0.30%
03/07/2023;6.973;6.962;6.974;6.954;0.23%
03/06/2023;6.957;6.964;6.981;6.944;-0.36%
03/03/2023;6.982;6.937;6.99;6.937;0.65%
03/02/2023;6.937;6.898;6.945;6.898;0.73%
03/01/2023;6.887;6.887;6.899;6.882;0.03%
02/28/2023;6.885;6.867;6.885;6.861;0.64%
02/27/2023;6.841;6.79;6.845;6.79;0.75%
02/24/2023;6.79;6.807;6.812;6.79;-0.13%
02/23/2023;6.799;6.779;6.819;6.778;0.44%
02/22/2023;6.769;6.74;6.83;6.74;0.56%
02/21/2023;6.731;6.73;6.737;6.726;0.21%
02/20/2023;6.717;6.721;6.735;6.716;-0.16%
02/17/2023;6.728;6.719;6.74;6.692;-0.25%
02/16/2023;6.745;6.77;6.774;6.745;-0.27%
02/15/2023;6.763;6.713;6.763;6.713;0.67%
02/14/2023;6.718;6.743;6.746;6.711;-0.16%
02/13/2023;6.729;6.667;6.753;6.667;0.88%
02/10/2023;6.67;6.646;6.675;6.646;0.56%
02/09/2023;6.633;6.699;6.699;6.624;-1.09%
02/08/2023;6.706;6.732;6.735;6.706;-0.16%
02/07/2023;6.717;6.671;6.721;6.671;0.81%
02/06/2023;6.663;6.545;6.688;6.545;1.45%
02/03/2023;6.568;6.568;6.568;6.568;-0.92%
02/02/2023;6.629;6.653;6.654;6.622;-0.35%
02/01/2023;6.652;6.707;6.708;6.645;-0.81%
01/31/2023;6.706;6.776;6.785;6.7;-0.86%
01/30/2023;6.764;6.743;6.791;6.743;0.55%
01/27/2023;6.727;6.69;6.727;6.686;0.64%
01/26/2023;6.684;6.666;6.693;6.666;0.32%
01/25/2023;6.663;6.62;6.663;6.616;0.68%
01/24/2023;6.618;6.617;6.623;6.604;-1.51%
01/23/2023;6.72;6.72;6.72;6.72;1.29%
01/20/2023;6.634;6.675;6.682;6.634;-0.61%
01/19/2023;6.675;6.716;6.716;6.672;-0.61%
01/18/2023;6.716;6.784;6.791;6.713;-1.00%
01/17/2023;6.784;6.738;6.812;6.738;0.68%
01/16/2023;6.738;6.722;6.738;6.708;0.61%
01/13/2023;6.697;6.729;6.729;6.623;-0.48%
01/12/2023;6.729;6.808;6.815;6.729;-1.16%
01/11/2023;6.808;6.863;6.863;6.808;-0.80%
01/10/2023;6.863;6.935;6.935;6.863;-1.04%
01/09/2023;6.935;6.964;6.978;6.882;-0.45%
01/06/2023;6.966;6.996;7.008;6.966;-0.43%
01/05/2023;6.996;7.024;7.034;6.989;-0.41%
01/04/2023;7.025;7.05;7.056;7.024;-0.35%
01/03/2023;7.05;6.966;7.057;6.966;1.82%
01/02/2023;6.924;6.935;6.935;6.924;-0.01%
12/30/2022;6.925;6.892;6.935;6.888;0.44%
12/29/2022;6.895;6.927;6.927;6.895;-0.39%
12/28/2022;6.922;6.938;6.938;6.922;0.19%
12/27/2022;6.909;6.923;6.927;6.904;-0.03%
12/26/2022;6.911;6.912;6.923;6.911;-0.19%
12/23/2022;6.924;6.948;6.948;6.918;0.09%
12/22/2022;6.918;6.957;6.957;6.905;-0.16%
12/21/2022;6.929;6.918;6.951;6.918;0.33%
12/20/2022;6.906;6.896;6.906;6.881;0.36%
12/19/2022;6.881;6.873;6.891;6.866;-0.28%
12/16/2022;6.9;6.865;6.903;6.863;0.60%
12/15/2022;6.859;6.92;6.92;6.859;-0.94%
12/14/2022;6.924;6.957;6.957;6.912;-0.35%
12/13/2022;6.948;6.957;6.971;6.946;0.00%
12/12/2022;6.948;6.918;6.95;6.917;-0.14%
12/09/2022;6.958;6.946;6.958;6.917;0.07%
12/08/2022;6.953;7.023;7.023;6.953;-0.88%
12/07/2022;7.015;6.929;7.015;6.929;1.45%
12/06/2022;6.915;6.891;6.925;6.891;0.44%
12/05/2022;6.885;6.827;6.885;6.827;0.61%
12/02/2022;6.843;6.842;6.856;6.842;-0.19%
12/01/2022;6.856;6.964;6.964;6.854;-1.34%
11/30/2022;6.949;6.978;7;6.944;-0.43%
11/29/2022;6.979;6.977;6.984;6.977;0.17%
11/28/2022;6.967;6.947;6.982;6.944;0.35%
11/25/2022;6.943;6.978;6.978;6.938;-0.73%
11/24/2022;6.994;7.022;7.029;6.978;-0.50%
11/23/2022;7.029;7.063;7.063;7.027;-0.41%
11/22/2022;7.058;7.081;7.097;7.058;-0.17%
11/21/2022;7.07;7.052;7.076;7.044;0.35%
11/18/2022;7.045;7.021;7.062;7.021;0.41%
11/17/2022;7.016;7;7.016;7;0.19%
11/16/2022;7.003;7.04;7.056;7.001;-0.57%
11/15/2022;7.043;7.09;7.096;7.043;-0.82%
11/14/2022;7.101;7.066;7.161;7.066;-1.40%
11/11/2022;7.202;7.333;7.333;7.202;-1.64%
11/10/2022;7.322;7.322;7.327;7.309;-0.01%
11/09/2022;7.323;7.462;7.462;7.32;-1.88%
11/08/2022;7.463;7.476;7.476;7.452;-0.07%
11/07/2022;7.468;7.466;7.486;7.463;-0.19%
11/04/2022;7.482;7.443;7.482;7.443;0.63%
11/03/2022;7.435;7.42;7.435;7.407;-0.27%
11/02/2022;7.455;7.535;7.535;7.442;-1.13%
11/01/2022;7.54;7.552;7.552;7.517;-0.01%
10/31/2022;7.541;7.512;7.558;7.512;-0.57%
10/28/2022;7.584;7.584;7.595;7.561;0.13%
10/27/2022;7.574;7.639;7.642;7.543;-0.82%
10/26/2022;7.637;7.676;7.676;7.629;-0.16%
10/25/2022;7.649;7.657;7.657;7.649;-0.07%
10/24/2022;7.654;7.653;7.661;7.647;1.31%
10/21/2022;7.555;7.521;7.555;7.515;0.63%
10/20/2022;7.508;7.456;7.56;7.456;0.87%
10/19/2022;7.443;7.457;7.457;7.418;-0.01%
10/18/2022;7.444;7.423;7.457;7.423;0.43%
10/17/2022;7.412;7.384;7.421;7.377;1.04%
10/14/2022;7.336;7.38;7.4;7.321;-0.30%
10/13/2022;7.358;7.368;7.368;7.331;0.07%
10/12/2022;7.353;7.362;7.4;7.353;0.35%
10/11/2022;7.327;7.294;7.339;7.294;0.67%
10/10/2022;7.278;7.26;7.302;7.25;0.50%
10/07/2022;7.242;7.211;7.242;7.209;0.32%
10/06/2022;7.219;7.179;7.219;7.179;0.25%
10/05/2022;7.201;7.291;7.291;7.185;-1.23%
10/04/2022;7.291;7.381;7.381;7.291;-0.91%
10/03/2022;7.358;7.381;7.381;7.355;-0.30%
09/30/2022;7.38;7.389;7.413;7.38;-0.18%
09/29/2022;7.393;7.423;7.423;7.321;-0.18%
09/28/2022;7.406;7.398;7.421;7.37;0.08%
09/27/2022;7.4;7.359;7.42;7.359;0.78%
09/26/2022;7.343;7.318;7.374;7.318;0.95%
09/23/2022;7.274;7.243;7.278;7.239;0.64%
09/22/2022;7.228;7.198;7.23;7.196;0.46%
09/21/2022;7.195;7.21;7.218;7.19;-0.04%
09/20/2022;7.198;7.219;7.219;7.194;-0.15%
09/19/2022;7.209;7.217;7.24;7.179;-0.07%
09/16/2022;7.214;7.178;7.219;7.17;0.61%
09/15/2022;7.17;7.117;7.17;7.117;0.65%
09/14/2022;7.124;7.136;7.136;7.107;0.10%
09/13/2022;7.117;7.16;7.166;7.117;-0.74%
09/12/2022;7.17;7.162;7.172;7.146;-0.10%
09/09/2022;7.177;7.2;7.225;7.174;-0.46%
09/08/2022;7.21;7.201;7.269;7.195;0.12%
09/07/2022;7.201;7.18;7.204;7.18;0.26%
09/06/2022;7.182;7.16;7.184;7.158;0.27%
09/05/2022;7.163;7.138;7.235;7.138;0.27%
09/02/2022;7.144;7.137;7.153;7.131;0.10%
09/01/2022;7.137;7.128;7.157;7.128;0.28%
08/31/2022;7.117;7.13;7.132;7.115;-0.50%
08/30/2022;7.153;7.159;7.234;7.153;0.17%
08/29/2022;7.141;7.062;7.22;7.062;0.96%
08/26/2022;7.073;7.064;7.073;7.053;0.17%
08/25/2022;7.061;7.072;7.072;7.049;-0.07%
08/24/2022;7.066;7.132;7.134;7.066;-1.26%
08/23/2022;7.156;7.15;7.186;7.15;0.01%
08/22/2022;7.155;7.143;7.263;7.124;0.86%
08/19/2022;7.094;7.056;7.096;7.056;0.67%
08/18/2022;7.047;7.016;7.054;7.016;-0.30%
08/16/2022;7.068;7.071;7.095;7.068;0.27%
08/15/2022;7.049;7.001;7.06;6.996;1.12%
08/12/2022;6.971;6.993;6.993;6.951;-0.56%
08/11/2022;7.01;7.104;7.104;7.003;-1.31%
08/10/2022;7.103;7.114;7.12;7.09;-0.15%
08/09/2022;7.114;7.11;7.114;7.091;0.25%
08/08/2022;7.096;7.103;7.146;7.096;-0.66%
08/05/2022;7.143;7.194;7.195;7.136;-1.00%
08/04/2022;7.215;7.236;7.238;7.208;-0.14%
08/03/2022;7.225;7.188;7.255;7.188;0.92%
08/02/2022;7.159;7.131;7.16;7.127;0.46%
08/01/2022;7.126;7.11;7.17;7.095;-0.99%
07/29/2022;7.197;7.311;7.313;7.182;-1.55%
07/28/2022;7.31;7.409;7.415;7.305;-1.40%
07/27/2022;7.414;7.433;7.456;7.414;-0.01%
07/26/2022;7.415;7.424;7.424;7.388;-0.36%
07/25/2022;7.442;7.472;7.472;7.423;-0.65%
07/22/2022;7.491;7.496;7.5;7.487;0.09%
07/21/2022;7.484;7.467;7.503;7.467;0.25%
07/20/2022;7.465;7.433;7.492;7.433;0.66%
07/19/2022;7.416;7.394;7.432;7.394;0.46%
07/18/2022;7.382;7.354;7.383;7.354;0.23%
07/15/2022;7.365;7.318;7.365;7.318;1.15%
07/14/2022;7.281;7.246;7.282;7.236;0.51%
07/13/2022;7.244;7.272;7.272;7.229;-0.45%
07/12/2022;7.277;7.297;7.339;7.277;-0.22%
07/11/2022;7.293;7.256;7.3;7.256;0.50%
07/08/2022;7.257;7.279;7.288;7.257;-0.27%
07/07/2022;7.277;7.261;7.277;7.239;0.00%
07/06/2022;7.277;7.333;7.333;7.277;-0.29%
07/05/2022;7.298;7.275;7.325;7.275;0.36%
07/04/2022;7.272;7.27;7.278;7.254;0.41%
07/01/2022;7.242;7.24;7.244;7.228;-0.10%
06/30/2022;7.249;7.28;7.28;7.222;-0.54%
06/29/2022;7.288;7.305;7.324;7.288;-0.05%
06/28/2022;7.292;7.305;7.332;7.281;-0.33%
06/27/2022;7.316;7.299;7.351;7.278;-0.85%
06/24/2022;7.379;7.394;7.397;7.351;-0.70%
06/23/2022;7.431;7.499;7.499;7.431;-0.84%
06/22/2022;7.494;7.513;7.516;7.487;-0.27%
06/21/2022;7.514;7.517;7.544;7.514;0.20%
06/20/2022;7.499;7.541;7.541;7.494;0.44%
06/17/2022;7.466;7.424;7.482;7.424;0.74%
06/16/2022;7.411;7.466;7.466;7.391;-0.32%
06/15/2022;7.435;7.413;7.471;7.403;0.30%
06/14/2022;7.413;7.329;7.479;7.329;1.69%
06/13/2022;7.29;7.199;7.301;7.199;0.97%
06/10/2022;7.22;7.199;7.23;7.199;0.46%
06/09/2022;7.187;7.156;7.274;7.156;1.10%
06/08/2022;7.109;7.065;7.109;7.039;1.18%
06/07/2022;7.026;6.976;7.049;6.976;0.86%
06/06/2022;6.966;6.919;6.979;6.919;-0.43%
06/03/2022;6.996;7.05;7.05;6.944;-0.71%
06/02/2022;7.046;7.028;7.08;7.028;-0.01%
05/31/2022;7.047;7.076;7.091;7.047;-0.25%
05/30/2022;7.065;7.064;7.067;7.028;-1.06%
05/27/2022;7.141;7.145;7.165;7.118;-0.86%
05/25/2022;7.203;7.241;7.245;7.203;-0.26%
05/24/2022;7.222;7.198;7.227;7.188;0.31%
05/23/2022;7.2;7.204;7.225;7.197;-1.10%
05/20/2022;7.28;7.335;7.335;7.254;-0.76%
05/19/2022;7.336;7.344;7.359;7.332;-0.05%
05/18/2022;7.34;7.38;7.38;7.34;-0.69%
05/17/2022;7.391;7.382;7.496;7.381;0.19%
05/13/2022;7.377;7.39;7.395;7.377;-0.30%
05/12/2022;7.399;7.414;7.414;7.399;-0.27%
05/11/2022;7.419;7.386;7.419;7.386;1.21%
05/10/2022;7.33;7.202;7.33;7.202;2.23%
05/09/2022;7.17;6.996;7.17;6.996;2.46%
04/28/2022;6.998;6.999;7.006;6.963;0.04%
04/27/2022;6.995;7.037;7.055;6.991;-0.41%
04/26/2022;7.024;7.049;7.049;7.015;-0.27%
04/25/2022;7.043;7.031;7.082;7.017;0.96%
04/22/2022;6.976;6.992;6.992;6.974;-0.03%
04/21/2022;6.978;6.992;6.992;6.978;0.00%
04/20/2022;6.978;6.992;7.003;6.978;0.01%
04/19/2022;6.977;6.969;6.979;6.957;0.29%
04/18/2022;6.957;6.925;6.964;6.922;0.51%
04/14/2022;6.922;6.937;6.965;6.916;0.07%
04/13/2022;6.917;6.879;6.917;6.879;0.60%
04/12/2022;6.876;6.832;6.905;6.832;0.61%
04/11/2022;6.834;6.807;6.851;6.805;0.66%
04/08/2022;6.789;6.802;6.802;6.788;-0.04%
04/07/2022;6.792;6.782;6.795;6.782;0.18%
04/06/2022;6.78;6.76;6.8;6.76;0.46%
04/05/2022;6.749;6.752;6.759;6.745;-0.03%
04/04/2022;6.751;6.743;6.792;6.743;-0.06%
04/01/2022;6.755;6.759;6.759;6.751;0.09%
03/31/2022;6.749;6.75;6.753;6.732;-0.03%
03/30/2022;6.751;6.77;6.78;6.751;-0.13%
03/29/2022;6.76;6.716;6.764;6.716;0.67%
03/28/2022;6.715;6.686;6.715;6.686;0.15%
03/25/2022;6.705;6.719;6.719;6.698;-0.18%
03/24/2022;6.717;6.742;6.742;6.714;-0.36%
03/23/2022;6.741;6.728;6.777;6.728;0.16%
03/22/2022;6.73;6.724;6.758;6.711;0.15%
03/21/2022;6.72;6.72;6.738;6.72;-0.04%
03/18/2022;6.723;6.741;6.741;6.715;-0.28%
03/17/2022;6.742;6.749;6.76;6.739;-0.10%
03/16/2022;6.749;6.738;6.766;6.738;0.22%
03/15/2022;6.734;6.726;6.739;6.714;0.16%
03/14/2022;6.723;6.705;6.729;6.705;-0.12%
03/11/2022;6.731;6.764;6.778;6.719;-0.49%
03/10/2022;6.764;6.797;6.808;6.761;-0.49%
03/09/2022;6.797;6.808;6.86;6.797;-0.01%
03/08/2022;6.798;6.713;6.798;6.713;1.27%
03/07/2022;6.713;6.705;6.729;6.675;1.15%
03/04/2022;6.637;6.51;6.637;6.507;1.33%
03/02/2022;6.55;6.51;6.56;6.507;0.61%
03/01/2022;6.51;6.51;6.515;6.509;0.00%
02/25/2022;6.51;6.515;6.528;6.509;-0.08%
02/24/2022;6.515;6.503;6.519;6.502;0.22%
02/23/2022;6.501;6.503;6.504;6.496;-0.03%
02/22/2022;6.503;6.494;6.506;6.494;0.14%
02/21/2022;6.494;6.489;6.496;6.489;-0.12%
02/18/2022;6.502;6.517;6.517;6.502;-0.09%
02/17/2022;6.508;6.513;6.513;6.508;-0.06%
02/16/2022;6.512;6.51;6.512;6.504;0.03%
02/15/2022;6.51;6.517;6.522;6.51;0.03%
02/14/2022;6.508;6.578;6.578;6.508;0.08%
02/11/2022;6.503;6.498;6.51;6.498;0.08%
02/10/2022;6.498;6.496;6.501;6.496;0.00%
02/09/2022;6.498;6.503;6.514;6.498;0.03%
02/08/2022;6.496;6.5;6.516;6.496;0.06%
02/07/2022;6.492;6.475;6.538;6.47;0.60%
02/04/2022;6.453;6.447;6.465;6.447;0.16%
02/03/2022;6.443;6.441;6.445;6.438;0.03%
02/02/2022;6.441;6.427;6.448;6.425;-0.12%
01/31/2022;6.449;6.461;6.461;6.449;-0.22%
01/28/2022;6.463;6.464;6.48;6.453;0.44%
01/27/2022;6.435;6.416;6.447;6.412;0.37%
01/26/2022;6.411;6.41;6.413;6.404;0.05%
01/25/2022;6.408;6.418;6.418;6.406;-0.16%
01/24/2022;6.418;6.421;6.436;6.418;-0.11%
01/21/2022;6.425;6.42;6.432;6.42;0.05%
01/20/2022;6.422;6.413;6.427;6.413;0.12%
01/19/2022;6.414;6.4;6.422;6.4;0.28%
01/18/2022;6.396;6.398;6.405;6.396;0.11%
01/17/2022;6.389;6.387;6.391;6.385;-0.20%
01/14/2022;6.402;6.411;6.411;6.402;-0.16%
01/13/2022;6.412;6.418;6.419;6.412;-0.22%
01/12/2022;6.426;6.451;6.451;6.418;-0.33%
01/11/2022;6.447;6.471;6.471;6.442;-0.25%
01/10/2022;6.463;6.454;6.463;6.45;0.62%
01/07/2022;6.423;6.356;6.445;6.356;1.05%
01/06/2022;6.356;6.307;6.356;6.307;0.78%
01/05/2022;6.307;6.291;6.309;6.291;-1.59%
01/04/2022;6.409;6.37;6.409;6.368;0.64%
01/03/2022;6.368;6.382;6.382;6.368;0.00%
12/31/2021;6.368;6.368;6.382;6.365;-0.13%
12/30/2021;6.376;6.368;6.382;6.365;0.22%
12/29/2021;6.362;6.352;6.389;6.352;0.13%
12/28/2021;6.354;6.355;6.357;6.347;0.11%
12/27/2021;6.347;6.41;6.41;6.342;-0.39%
12/24/2021;6.372;6.41;6.41;6.361;-0.27%
12/23/2021;6.389;6.41;6.41;6.389;-0.17%
12/22/2021;6.4;6.423;6.423;6.4;-0.36%
12/21/2021;6.423;6.44;6.44;6.423;-0.26%
12/20/2021;6.44;6.412;6.446;6.412;0.44%
12/17/2021;6.412;6.452;6.486;6.41;-0.16%
12/16/2021;6.422;6.418;6.422;6.401;0.34%
12/15/2021;6.4;6.362;6.411;6.353;1.11%
12/14/2021;6.33;6.331;6.354;6.33;0.25%
12/13/2021;6.314;6.31;6.319;6.308;0.10%
12/10/2021;6.308;6.337;6.337;6.308;-0.33%
12/09/2021;6.329;6.39;6.39;6.325;-0.83%
12/08/2021;6.382;6.417;6.417;6.355;-0.56%
12/07/2021;6.418;6.446;6.458;6.418;0.03%
12/06/2021;6.416;6.418;6.418;6.414;0.36%
12/03/2021;6.393;6.382;6.413;6.379;0.17%
12/02/2021;6.382;6.315;6.384;6.315;1.41%
12/01/2021;6.293;6.264;6.304;6.264;0.41%
11/30/2021;6.267;6.215;6.274;6.215;0.72%
11/29/2021;6.222;6.281;6.281;6.215;-0.08%
11/26/2021;6.227;6.204;6.227;6.204;0.50%
11/25/2021;6.196;6.197;6.201;6.194;0.13%
11/24/2021;6.188;6.174;6.188;6.166;0.18%
11/23/2021;6.177;6.201;6.201;6.177;-0.19%
11/22/2021;6.189;6.161;6.21;6.161;0.21%
11/19/2021;6.176;6.196;6.196;6.176;-0.23%
11/18/2021;6.19;6.194;6.198;6.19;0.15%
11/17/2021;6.181;6.196;6.196;6.176;-0.26%
11/16/2021;6.197;6.182;6.203;6.182;0.15%
11/15/2021;6.188;6.211;6.211;6.187;-0.21%
11/12/2021;6.201;6.197;6.201;6.186;0.50%
11/11/2021;6.17;6.155;6.187;6.155;0.21%
11/10/2021;6.157;6.155;6.159;6.155;-0.13%
11/09/2021;6.165;6.173;6.173;6.155;-0.21%
11/08/2021;6.178;6.197;6.197;6.174;-0.48%
11/05/2021;6.208;6.227;6.227;6.197;-0.27%
11/04/2021;6.225;6.232;6.247;6.225;-0.05%
11/03/2021;6.228;6.237;6.238;6.225;-0.21%
11/02/2021;6.241;6.251;6.255;6.239;0.19%
11/01/2021;6.229;6.19;6.229;6.19;0.97%
10/29/2021;6.169;6.174;6.174;6.164;0.18%
10/28/2021;6.158;6.155;6.168;6.155;0.08%
10/27/2021;6.153;6.155;6.16;6.144;-0.02%
10/26/2021;6.154;6.184;6.184;6.154;-0.24%
10/25/2021;6.169;6.168;6.176;6.159;-0.23%
10/22/2021;6.183;6.253;6.253;6.183;-0.35%
10/21/2021;6.205;6.177;6.236;6.177;-0.06%
10/19/2021;6.209;6.354;6.354;6.206;-0.02%
10/18/2021;6.21;6.354;6.354;6.206;-0.94%
10/15/2021;6.269;6.279;6.279;6.207;-0.40%
10/14/2021;6.294;6.337;6.337;6.291;-0.76%
10/13/2021;6.342;6.373;6.38;6.342;-0.47%
10/12/2021;6.372;6.376;6.394;6.355;0.14%
10/11/2021;6.363;6.339;6.364;6.339;0.20%
10/08/2021;6.35;6.341;6.369;6.341;0.35%
10/07/2021;6.328;6.304;6.332;6.304;0.29%
10/06/2021;6.31;6.335;6.335;6.31;-0.19%
10/05/2021;6.322;6.344;6.344;6.319;-0.17%
10/04/2021;6.333;6.341;6.36;6.333;-0.41%
10/01/2021;6.359;6.348;6.359;6.34;0.09%
09/30/2021;6.353;6.335;6.355;6.335;0.32%
09/29/2021;6.333;6.313;6.347;6.313;0.32%
09/28/2021;6.313;6.278;6.313;6.278;1.11%
09/27/2021;6.244;6.285;6.285;6.227;0.10%
09/24/2021;6.238;6.207;6.261;6.207;0.08%
09/23/2021;6.233;6.205;6.252;6.205;0.44%
09/22/2021;6.206;6.199;6.21;6.196;0.11%
09/21/2021;6.199;6.176;6.201;6.176;0.36%
09/20/2021;6.177;6.145;6.21;6.145;0.23%
09/17/2021;6.163;6.142;6.163;6.132;0.05%
09/16/2021;6.16;6.188;6.19;6.153;-0.21%
09/15/2021;6.173;6.168;6.183;6.131;0.03%
09/14/2021;6.171;6.171;6.18;6.171;0.15%
09/13/2021;6.162;6.145;6.18;6.145;0.11%
09/10/2021;6.155;6.191;6.193;6.154;-0.58%
09/09/2021;6.191;6.168;6.196;6.168;0.65%
09/08/2021;6.151;6.123;6.151;6.123;0.57%
09/07/2021;6.116;6.095;6.12;6.093;0.38%
09/06/2021;6.093;6.091;6.11;6.091;-0.64%
09/03/2021;6.132;6.117;6.132;6.117;0.31%
09/02/2021;6.113;6.053;6.113;6.053;0.94%
09/01/2021;6.056;6.05;6.056;6.036;-0.35%
08/31/2021;6.077;6.126;6.126;6.077;-1.04%
08/30/2021;6.141;6.168;6.17;6.133;-0.41%
08/27/2021;6.166;6.205;6.205;6.162;-0.15%
08/26/2021;6.175;6.227;6.231;6.163;-1.11%
08/25/2021;6.244;6.353;6.369;6.237;-1.82%
08/24/2021;6.36;6.391;6.391;6.32;-0.31%
08/23/2021;6.38;6.379;6.396;6.379;0.52%
08/20/2021;6.347;6.35;6.35;6.339;0.35%
08/19/2021;6.325;6.326;6.329;6.323;0.05%
08/18/2021;6.322;6.308;6.322;6.308;-0.44%
08/16/2021;6.35;6.4;6.4;6.346;-0.45%
08/13/2021;6.379;6.358;6.395;6.358;0.60%
08/12/2021;6.341;6.33;6.355;6.328;-0.84%
08/11/2021;6.395;6.395;6.395;6.395;0.93%
08/10/2021;6.336;6.344;6.365;6.336;-0.13%
08/09/2021;6.344;6.344;6.344;6.344;0.89%
08/06/2021;6.288;6.274;6.316;6.274;0.30%
08/05/2021;6.269;6.277;6.28;6.262;0.21%
08/04/2021;6.256;6.262;6.274;6.256;-0.32%
08/03/2021;6.276;6.31;6.31;6.276;-0.44%
08/02/2021;6.304;6.295;6.316;6.295;-0.05%
07/30/2021;6.307;6.286;6.307;6.286;0.02%
07/29/2021;6.306;6.351;6.354;6.306;-0.05%
07/28/2021;6.309;6.316;6.342;6.302;-0.13%
07/27/2021;6.317;6.351;6.351;6.317;0.05%
07/26/2021;6.314;6.302;6.327;6.302;0.25%
07/23/2021;6.298;6.342;6.342;6.293;-0.14%
07/22/2021;6.307;6.323;6.4;6.307;-0.32%
07/21/2021;6.327;6.351;6.351;6.327;-0.25%
07/19/2021;6.343;6.33;6.369;6.314;-1.46%
07/16/2021;6.437;6.457;6.457;6.437;-0.20%
07/15/2021;6.45;6.487;6.487;6.442;-0.86%
07/14/2021;6.506;6.497;6.506;6.473;-0.15%
07/13/2021;6.516;6.539;6.539;6.516;-0.35%
07/12/2021;6.539;6.534;6.556;6.534;-0.23%
07/09/2021;6.554;6.582;6.587;6.554;0.35%
07/08/2021;6.531;6.549;6.557;6.528;-0.34%
07/07/2021;6.553;6.588;6.588;6.535;-0.55%
07/06/2021;6.589;6.618;6.618;6.584;-0.83%
07/05/2021;6.644;6.57;6.644;6.57;0.12%
07/02/2021;6.636;6.634;6.636;6.603;0.33%
07/01/2021;6.614;6.634;6.634;6.614;-0.24%
06/30/2021;6.63;6.62;6.648;6.619;0.30%
06/29/2021;6.61;6.627;6.627;6.598;0.29%
06/28/2021;6.591;6.527;6.594;6.527;0.98%
06/25/2021;6.527;6.541;6.541;6.513;-1.26%
06/24/2021;6.61;6.629;6.65;6.607;-0.29%
06/23/2021;6.629;6.639;6.665;6.629;-0.15%
06/22/2021;6.639;6.567;6.641;6.567;1.16%
06/21/2021;6.563;6.534;6.597;6.534;-0.02%
06/18/2021;6.564;6.476;6.564;6.476;1.36%
06/17/2021;6.476;6.458;6.476;6.442;0.25%
06/16/2021;6.46;6.418;6.46;6.414;0.65%
06/15/2021;6.418;6.407;6.423;6.371;0.94%
06/14/2021;6.358;6.358;6.361;6.35;-1.18%
06/11/2021;6.434;6.324;6.439;6.324;1.40%
06/10/2021;6.345;6.345;6.345;6.345;-1.43%
06/09/2021;6.437;6.446;6.446;6.435;-0.14%
06/08/2021;6.446;6.435;6.449;6.421;0.11%
06/07/2021;6.439;6.414;6.447;6.414;-0.02%
06/04/2021;6.44;6.463;6.47;6.44;-0.22%
06/03/2021;6.454;6.449;6.456;6.401;0.08%
06/02/2021;6.449;6.428;6.453;6.416;0.06%
05/31/2021;6.445;6.428;6.456;6.421;0.30%
05/28/2021;6.426;6.472;6.475;6.423;-0.29%
05/27/2021;6.445;6.438;6.445;6.435;-1.39%
05/26/2021;6.536;6.536;6.536;6.536;1.47%
05/25/2021;6.441;6.487;6.487;6.439;-0.17%
05/24/2021;6.452;6.449;6.501;6.449;-1.03%
05/21/2021;6.519;6.521;6.526;6.509;0.45%
05/20/2021;6.49;6.496;6.529;6.49;-0.09%
05/19/2021;6.496;6.403;6.498;6.398;0.36%
05/18/2021;6.473;6.403;6.498;6.398;0.50%
05/17/2021;6.441;6.403;6.498;6.398;0.56%
05/11/2021;6.405;6.403;6.429;6.398;0.02%
05/10/2021;6.404;6.428;6.428;6.394;-0.61%
05/07/2021;6.443;6.463;6.482;6.435;-0.19%
05/06/2021;6.455;6.484;6.484;6.455;-0.34%
05/05/2021;6.477;6.494;6.494;6.447;0.39%
05/04/2021;6.452;6.494;6.494;6.452;-0.45%
05/03/2021;6.481;6.463;6.489;6.45;0.08%
04/30/2021;6.476;6.526;6.526;6.476;-0.46%
04/29/2021;6.506;6.524;6.526;6.499;0.11%
04/28/2021;6.499;6.47;6.559;6.47;0.71%
04/27/2021;6.453;6.45;6.471;6.45;0.28%
04/26/2021;6.435;6.45;6.452;6.431;-0.76%
04/23/2021;6.484;6.496;6.501;6.484;0.59%
04/22/2021;6.446;6.444;6.48;6.417;0.09%
04/21/2021;6.44;6.445;6.457;6.44;0.17%
04/20/2021;6.429;6.524;6.524;6.429;-0.71%
04/19/2021;6.475;6.484;6.511;6.443;-0.48%
04/16/2021;6.506;6.538;6.538;6.503;-0.96%
04/15/2021;6.569;6.577;6.638;6.566;-0.06%
04/14/2021;6.573;6.499;6.584;6.499;0.77%
04/13/2021;6.523;6.543;6.557;6.518;0.17%
04/12/2021;6.512;6.45;6.533;6.45;0.91%
04/09/2021;6.453;6.457;6.457;6.426;-0.17%
04/08/2021;6.464;6.552;6.552;6.464;-1.16%
04/07/2021;6.54;6.671;6.671;6.536;-1.93%
04/06/2021;6.669;6.568;6.669;6.512;0.79%
04/05/2021;6.617;6.674;6.709;6.617;-2.13%
04/01/2021;6.761;6.84;6.847;6.761;-0.78%
03/31/2021;6.814;6.85;6.859;6.814;0.29%
03/30/2021;6.794;6.784;6.84;6.784;0.56%
03/29/2021;6.756;6.709;6.763;6.709;0.10%
03/26/2021;6.749;6.787;6.795;6.749;0.30%
03/25/2021;6.729;6.784;6.784;6.729;-0.10%
03/24/2021;6.736;6.806;6.806;6.732;-0.55%
03/23/2021;6.773;6.846;6.846;6.709;-0.54%
03/22/2021;6.81;6.808;6.891;6.808;-0.16%
03/19/2021;6.821;6.822;6.825;6.793;1.02%
03/18/2021;6.752;6.782;6.782;6.737;-0.07%
03/17/2021;6.757;6.756;6.769;6.756;0.15%
03/16/2021;6.747;6.794;6.796;6.747;-0.16%
03/15/2021;6.758;6.73;6.829;6.73;0.42%
03/12/2021;6.73;6.779;6.779;6.666;0.10%
03/10/2021;6.723;6.779;6.779;6.723;-1.38%
03/09/2021;6.817;6.809;6.887;6.809;0.89%
03/08/2021;6.757;6.708;6.817;6.708;1.99%
03/05/2021;6.625;6.617;6.688;6.595;0.29%
03/04/2021;6.606;6.573;6.643;6.573;0.56%
03/03/2021;6.569;6.618;6.677;6.569;-0.26%
03/02/2021;6.586;6.636;6.636;6.582;-0.06%
03/01/2021;6.59;6.582;6.706;6.582;-0.12%
02/26/2021;6.598;6.574;6.617;6.544;0.84%
02/25/2021;6.543;6.566;6.575;6.541;-0.18%
02/24/2021;6.555;6.664;6.664;6.544;-1.40%
02/23/2021;6.648;6.673;6.754;6.648;-0.20%
02/22/2021;6.661;6.548;6.708;6.548;0.94%
02/19/2021;6.599;6.558;6.624;6.558;1.03%
02/18/2021;6.532;6.389;6.532;6.366;2.51%
02/17/2021;6.372;6.296;6.372;6.296;1.40%
02/16/2021;6.284;6.261;6.323;6.261;0.61%
02/15/2021;6.246;6.215;6.273;6.215;0.08%
02/11/2021;6.241;6.241;6.246;6.235;0.08%
02/10/2021;6.236;6.224;6.236;6.207;0.24%
02/09/2021;6.221;6.203;6.221;6.203;0.40%
02/08/2021;6.196;6.142;6.231;6.142;0.50%
02/05/2021;6.165;6.208;6.213;6.165;-0.56%
02/04/2021;6.2;6.216;6.226;6.128;0.36%
02/03/2021;6.178;6.188;6.188;6.168;-0.02%
02/02/2021;6.179;6.219;6.219;6.179;-0.64%
02/01/2021;6.219;6.202;6.259;6.129;-0.61%
01/29/2021;6.257;6.271;6.28;6.257;0.02%
01/28/2021;6.256;6.301;6.308;6.253;-0.78%
01/27/2021;6.305;6.327;6.327;6.296;0.27%
01/26/2021;6.288;6.295;6.296;6.25;-0.05%
01/25/2021;6.291;6.262;6.323;6.262;0.05%
01/22/2021;6.288;6.295;6.304;6.273;-0.05%
01/21/2021;6.291;6.297;6.313;6.291;0.25%
01/20/2021;6.275;6.284;6.318;6.275;-0.27%
01/19/2021;6.292;6.233;6.296;6.233;1.27%
01/18/2021;6.213;6.176;6.262;6.176;0.06%
01/15/2021;6.209;6.209;6.209;6.207;-0.02%
01/14/2021;6.21;6.224;6.231;6.207;-0.13%
01/13/2021;6.218;6.249;6.249;6.21;-0.70%
01/12/2021;6.262;6.262;6.289;6.246;0.71%
01/11/2021;6.218;6.129;6.238;6.129;1.47%
01/08/2021;6.128;6.031;6.262;6.031;1.61%
01/07/2021;6.031;6.01;6.031;6.01;-0.53%
01/06/2021;6.063;6.001;6.063;5.998;1.08%
01/05/2021;5.998;5.935;5.998;5.935;0.82%
01/04/2021;5.949;5.928;5.95;5.925;0.12%
12/30/2020;5.942;6.129;6.144;5.903;0.56%
12/29/2020;5.909;6.129;6.144;5.905;-2.12%
12/28/2020;6.037;6.129;6.144;6.005;-0.98%
12/23/2020;6.097;6.129;6.144;6.097;-0.23%
12/22/2020;6.111;6.034;6.156;6.034;1.21%
12/21/2020;6.038;5.971;6.041;5.971;1.04%
12/18/2020;5.976;6.03;6.03;5.971;-0.52%
12/17/2020;6.007;6.145;6.145;6.007;-1.54%
12/16/2020;6.101;6.176;6.176;6.093;-0.39%
12/15/2020;6.125;6.179;6.179;6.125;-0.57%
12/14/2020;6.16;6.11;6.16;6.11;-0.36%
12/11/2020;6.182;6.241;6.241;6.182;-0.21%
12/10/2020;6.195;6.21;6.245;6.195;-0.32%
12/08/2020;6.215;6.244;6.253;6.215;-0.37%
12/07/2020;6.238;6.224;6.238;6.207;0.65%
12/04/2020;6.198;6.238;6.238;6.198;-0.18%
12/03/2020;6.209;6.227;6.228;6.191;0.50%
12/02/2020;6.178;6.225;6.225;6.17;-0.11%
12/01/2020;6.185;6.232;6.232;6.185;-0.05%
11/30/2020;6.188;6.192;6.21;6.178;-0.48%
11/27/2020;6.218;6.228;6.239;6.214;0.03%
11/26/2020;6.216;6.237;6.237;6.206;-0.16%
11/25/2020;6.226;6.255;6.255;6.221;-0.13%
11/24/2020;6.234;6.264;6.264;6.234;-0.08%
11/23/2020;6.239;6.227;6.239;6.188;0.63%
11/20/2020;6.2;6.204;6.211;6.196;0.36%
11/19/2020;6.178;6.196;6.205;6.178;-0.05%
11/18/2020;6.181;6.254;6.254;6.165;-0.42%
11/17/2020;6.207;6.286;6.286;6.206;-1.19%
11/16/2020;6.282;6.308;6.313;6.277;-0.66%
11/13/2020;6.324;6.348;6.348;6.319;-0.03%
11/12/2020;6.326;6.323;6.365;6.323;0.17%
11/11/2020;6.315;6.277;6.315;6.277;0.86%
11/10/2020;6.261;6.264;6.268;6.227;-0.03%
11/09/2020;6.263;6.349;6.349;6.263;-1.91%
11/06/2020;6.385;6.552;6.552;6.354;-3.39%
11/05/2020;6.609;6.609;6.621;6.566;-0.30%
11/04/2020;6.629;6.607;6.63;6.6;0.42%
11/03/2020;6.601;6.617;6.617;6.601;-0.17%
11/02/2020;6.612;6.601;6.612;6.592;-2.58%
10/28/2020;6.787;6.787;6.787;6.787;2.69%
10/27/2020;6.609;6.624;6.624;6.609;-0.03%
10/26/2020;6.611;6.594;6.613;6.594;-0.27%
10/23/2020;6.629;6.649;6.649;6.629;0.32%
10/22/2020;6.608;6.638;6.647;6.608;-0.18%
10/21/2020;6.62;6.689;6.689;6.597;-0.59%
10/20/2020;6.659;6.707;6.707;6.659;-0.46%
10/19/2020;6.69;6.677;6.718;6.671;-1.02%
10/16/2020;6.759;6.8;6.821;6.759;-0.85%
10/15/2020;6.817;6.886;6.886;6.817;-0.63%
10/14/2020;6.86;6.905;6.905;6.86;-0.33%
10/13/2020;6.883;6.921;6.921;6.883;-0.23%
10/12/2020;6.899;6.879;6.908;6.879;-0.01%
10/09/2020;6.9;6.919;6.926;6.9;0.01%
10/08/2020;6.899;6.914;6.919;6.899;0.04%
10/07/2020;6.896;6.9;6.917;6.896;0.01%
10/06/2020;6.895;6.924;6.924;6.885;-0.35%
10/05/2020;6.919;6.929;6.937;6.907;-0.04%
10/02/2020;6.922;6.952;6.952;6.903;-0.20%
10/01/2020;6.936;6.943;6.971;6.936;0.09%
09/30/2020;6.93;6.971;6.971;6.93;-0.65%
09/29/2020;6.975;6.948;6.975;6.948;0.87%
09/28/2020;6.915;6.901;6.922;6.901;0.00%
09/25/2020;6.915;6.936;6.936;6.915;0.04%
09/24/2020;6.912;6.922;6.931;6.912;0.10%
09/23/2020;6.905;6.918;6.925;6.905;0.22%
09/22/2020;6.89;6.913;6.941;6.89;0.19%
09/21/2020;6.877;6.853;6.877;6.853;-0.55%
09/18/2020;6.915;6.964;6.989;6.915;-0.10%
09/17/2020;6.922;6.927;6.958;6.922;0.10%
09/16/2020;6.915;6.969;6.969;6.896;0.03%
09/15/2020;6.913;6.965;6.965;6.905;-0.49%
09/14/2020;6.947;6.93;6.972;6.93;-0.39%
09/11/2020;6.974;6.953;7.014;6.935;1.06%
09/10/2020;6.901;6.909;6.909;6.882;0.06%
09/09/2020;6.897;6.909;6.912;6.897;0.20%
09/08/2020;6.883;6.925;6.925;6.881;-0.39%
09/07/2020;6.91;6.916;6.939;6.909;-0.55%
09/04/2020;6.948;6.979;6.979;6.948;-0.01%
09/03/2020;6.949;6.944;6.982;6.944;0.59%
09/02/2020;6.908;6.883;6.944;6.883;0.64%
09/01/2020;6.864;6.877;6.881;6.858;0.00%
08/31/2020;6.864;6.888;6.903;6.842;0.10%
08/28/2020;6.857;6.837;6.909;6.837;0.69%
08/27/2020;6.81;6.805;6.81;6.789;0.81%
08/26/2020;6.755;6.747;6.755;6.71;0.57%
08/25/2020;6.717;6.747;6.747;6.717;-0.28%
08/24/2020;6.736;6.695;6.75;6.695;0.15%
08/19/2020;6.726;6.782;6.782;6.726;-0.47%
08/18/2020;6.758;6.75;6.775;6.75;-0.12%
08/14/2020;6.766;6.795;6.796;6.766;0.01%
08/13/2020;6.765;6.784;6.784;6.76;0.06%
08/12/2020;6.761;6.807;6.807;6.76;-0.44%
08/11/2020;6.791;6.816;6.827;6.791;-0.09%
08/10/2020;6.797;6.784;6.799;6.782;0.15%
08/07/2020;6.787;6.819;6.819;6.771;-0.18%
08/06/2020;6.799;6.835;6.835;6.799;-0.48%
08/05/2020;6.832;6.862;6.862;6.829;-0.10%
08/04/2020;6.839;6.841;6.869;6.839;0.01%
08/03/2020;6.838;6.805;6.838;6.8;0.19%
07/30/2020;6.825;6.86;6.864;6.821;-0.01%
07/29/2020;6.826;6.876;6.876;6.826;-0.31%
07/28/2020;6.847;6.901;6.901;6.847;-0.33%
07/27/2020;6.87;6.86;6.894;6.86;0.06%
07/24/2020;6.866;6.94;6.94;6.832;-0.62%
07/23/2020;6.909;7.01;7.01;6.909;-1.19%
07/22/2020;6.992;7.073;7.073;6.974;-0.84%
07/21/2020;7.051;7.086;7.086;7.051;-0.33%
07/20/2020;7.074;7.054;7.094;7.036;0.18%
07/17/2020;7.061;7.057;7.066;7.057;0.26%
07/16/2020;7.043;7.096;7.096;7.043;-0.33%
07/15/2020;7.066;7.072;7.109;7.066;-0.23%
07/14/2020;7.082;7.098;7.098;7.071;-0.10%
07/13/2020;7.089;7.047;7.089;7.047;-0.32%
07/10/2020;7.112;7.126;7.126;7.087;-0.04%
07/09/2020;7.115;7.15;7.15;7.101;-0.18%
07/08/2020;7.128;7.197;7.197;7.128;-0.93%
07/07/2020;7.195;7.256;7.256;7.195;-0.72%
07/06/2020;7.247;7.194;7.247;7.194;0.11%
07/03/2020;7.239;7.248;7.248;7.204;0.08%
07/02/2020;7.233;7.232;7.251;7.229;0.06%
07/01/2020;7.229;7.239;7.239;7.22;0.19%
06/30/2020;7.215;7.222;7.234;7.21;-0.25%
06/29/2020;7.233;7.166;7.251;7.166;0.54%
06/26/2020;7.194;7.196;7.208;7.191;-0.07%
06/25/2020;7.199;7.178;7.204;7.178;0.29%
06/24/2020;7.178;7.195;7.195;7.137;-0.24%
06/23/2020;7.195;7.218;7.218;7.195;-0.32%
06/22/2020;7.218;7.158;7.218;7.158;0.46%
06/19/2020;7.185;7.194;7.197;7.17;-0.04%
06/18/2020;7.188;7.154;7.191;7.154;0.35%
06/17/2020;7.163;7.185;7.19;7.137;-0.31%
06/16/2020;7.185;7.243;7.243;7.185;-0.75%
06/15/2020;7.239;7.207;7.254;7.207;-0.07%
06/12/2020;7.244;7.184;7.269;7.184;0.61%
06/11/2020;7.2;7.295;7.295;7.184;-1.29%
06/10/2020;7.294;7.278;7.294;7.278;0.22%
06/09/2020;7.278;7.225;7.29;7.225;0.99%
06/08/2020;7.207;7.137;7.207;7.105;1.38%
06/05/2020;7.109;7.09;7.109;7.086;0.49%
06/04/2020;7.074;7.006;7.074;6.982;0.99%
06/03/2020;7.005;7.238;7.238;7;-3.06%
06/02/2020;7.226;7.313;7.318;7.226;-1.55%
05/29/2020;7.34;7.393;7.393;7.337;-0.27%
05/28/2020;7.36;7.322;7.395;7.322;0.19%
05/27/2020;7.346;7.33;7.346;7.226;0.22%
05/26/2020;7.33;7.492;7.538;7.33;-6.27%
05/23/2020;7.82;7.82;7.82;7.82;1.88%
05/20/2020;7.676;7.723;7.723;7.676;-0.61%
05/19/2020;7.723;7.752;7.76;7.723;-0.28%
05/18/2020;7.745;7.746;7.777;7.709;-0.82%
05/15/2020;7.809;7.898;7.898;7.809;-0.66%
05/14/2020;7.861;7.867;7.913;7.853;-0.47%
05/13/2020;7.898;8.001;8.001;7.898;-1.28%
05/12/2020;8;8.074;8.101;8;-0.95%
05/11/2020;8.077;8.112;8.112;8.071;-0.19%
05/08/2020;8.092;8.12;8.12;8.036;0.09%
05/06/2020;8.085;8.074;8.085;8.07;0.15%
05/05/2020;8.073;8.024;8.073;8.015;0.70%
05/04/2020;8.017;7.855;8.017;7.839;1.58%
04/30/2020;7.892;8.094;8.094;7.892;-2.29%
04/29/2020;8.077;8.108;8.111;8.077;-0.22%
04/28/2020;8.095;8.002;8.11;8.002;1.29%
04/27/2020;7.992;7.854;7.992;7.854;0.86%
04/24/2020;7.924;7.867;7.944;7.867;1.05%
04/23/2020;7.842;7.839;7.871;7.839;0.04%
04/22/2020;7.839;7.799;7.839;7.786;0.80%
04/21/2020;7.777;7.856;7.856;7.767;-0.96%
04/20/2020;7.852;7.891;7.908;7.852;-0.95%
04/17/2020;7.927;7.96;7.985;7.927;-0.53%
04/16/2020;7.969;7.937;7.985;7.93;0.50%
04/15/2020;7.929;7.927;7.94;7.899;0.03%
04/14/2020;7.927;7.992;7.992;7.927;-1.28%
04/13/2020;8.03;8.002;8.052;8.002;-1.05%
04/09/2020;8.115;8.115;8.189;8.115;0.17%
04/08/2020;8.101;8.101;8.104;8.101;-0.47%
04/07/2020;8.139;8.203;8.216;8.139;-0.46%
04/06/2020;8.177;8.152;8.18;8.152;1.00%
04/03/2020;8.096;8.085;8.108;8.071;0.72%
04/02/2020;8.038;7.954;8.038;7.954;1.26%
04/01/2020;7.938;7.907;7.938;7.907;0.39%
03/31/2020;7.907;7.879;7.907;7.879;0.56%
03/30/2020;7.863;7.814;7.882;7.814;-0.56%
03/27/2020;7.907;8.129;8.129;7.907;-4.45%
03/26/2020;8.275;8.304;8.327;8.257;-0.56%
03/24/2020;8.322;8.245;8.332;8.245;0.93%
03/23/2020;8.245;7.999;8.245;7.999;1.80%
03/20/2020;8.099;7.986;8.161;7.986;2.34%
03/19/2020;7.914;7.593;7.915;7.593;4.37%
03/18/2020;7.583;7.548;7.595;7.533;0.48%
03/17/2020;7.547;7.358;7.547;7.358;3.10%
03/16/2020;7.32;7.068;7.346;7.068;0.33%
03/13/2020;7.296;7.248;7.296;7.248;0.66%
03/12/2020;7.248;6.966;7.289;6.966;3.85%
03/11/2020;6.979;6.989;6.989;6.94;0.07%
03/10/2020;6.974;6.98;7.146;6.955;1.03%
03/09/2020;6.903;6.831;6.903;6.774;3.74%
03/06/2020;6.654;6.563;6.654;6.563;1.56%
03/05/2020;6.552;6.593;6.595;6.532;-1.19%
03/04/2020;6.631;6.758;6.758;6.619;-3.21%
03/03/2020;6.851;6.891;6.896;6.851;-1.61%
03/02/2020;6.963;6.966;7.049;6.934;1.10%
02/28/2020;6.887;6.742;6.932;6.742;2.55%
02/27/2020;6.716;6.598;6.718;6.598;2.04%
02/26/2020;6.582;6.559;6.582;6.553;0.55%
02/25/2020;6.546;6.544;6.546;6.54;0.32%
02/24/2020;6.525;6.509;6.526;6.509;-0.26%
02/21/2020;6.542;6.526;6.542;6.496;0.40%
02/20/2020;6.516;6.525;6.533;6.516;-0.17%
02/19/2020;6.527;6.537;6.537;6.514;-0.32%
02/18/2020;6.548;6.597;6.597;6.548;-0.40%
02/17/2020;6.574;6.568;6.584;6.566;-0.02%
02/14/2020;6.575;6.573;6.575;6.564;0.21%
02/13/2020;6.561;6.566;6.566;6.561;0.06%
02/12/2020;6.557;6.585;6.585;6.555;-0.35%
02/11/2020;6.58;6.607;6.607;6.58;-0.18%
02/10/2020;6.592;6.588;6.607;6.587;0.26%
02/07/2020;6.575;6.581;6.581;6.567;0.00%
02/06/2020;6.575;6.631;6.631;6.575;-0.50%
02/05/2020;6.608;6.662;6.664;6.608;-0.88%
02/04/2020;6.667;6.697;6.697;6.667;-0.37%
02/03/2020;6.692;6.666;6.713;6.666;0.71%
01/31/2020;6.645;6.651;6.655;6.632;0.00%
01/30/2020;6.645;6.651;6.661;6.643;-0.05%
01/29/2020;6.648;6.777;6.777;6.648;-1.86%
01/28/2020;6.774;6.675;6.796;6.675;1.51%
01/27/2020;6.673;6.634;6.673;6.627;0.86%
01/24/2020;6.616;6.668;6.668;6.612;-0.85%
01/23/2020;6.673;6.743;6.743;6.673;-0.63%
01/22/2020;6.715;6.794;6.794;6.715;-1.02%
01/21/2020;6.784;6.829;6.829;6.784;-0.62%
01/20/2020;6.826;6.825;6.852;6.821;0.01%
01/17/2020;6.825;6.848;6.848;6.825;-0.31%
01/16/2020;6.846;6.896;6.896;6.846;-0.52%
01/15/2020;6.882;6.865;6.891;6.865;0.35%
01/14/2020;6.858;6.869;6.881;6.858;-0.16%
01/13/2020;6.869;6.898;6.916;6.854;-0.89%
01/10/2020;6.931;7.024;7.024;6.93;-1.24%
01/09/2020;7.018;7.093;7.093;7.018;-0.74%
01/08/2020;7.07;7.094;7.111;7.066;-0.63%
01/07/2020;7.115;7.118;7.131;7.115;-0.04%
01/06/2020;7.118;7.079;7.12;7.079;0.71%
01/03/2020;7.068;7.081;7.081;7.063;-0.08%
01/02/2020;7.074;7.09;7.09;7.056;-0.39%
01/01/2020;7.102;7.102;7.102;7.102;0.77%
12/31/2019;7.047;7.066;7.106;7.047;-0.72%
12/30/2019;7.098;7.066;7.098;7.066;0.03%
12/27/2019;7.096;7.099;7.099;7.089;-0.43%
12/26/2019;7.127;7.088;7.151;7.088;-1.08%
12/24/2019;7.205;7.205;7.205;7.205;0.81%
12/23/2019;7.147;7.124;7.17;7.124;-0.53%
12/20/2019;7.185;7.239;7.239;7.185;-0.76%
12/19/2019;7.24;7.326;7.326;7.24;-1.46%
12/18/2019;7.347;7.305;7.353;7.305;0.34%
12/17/2019;7.322;7.262;7.322;7.262;0.95%
12/16/2019;7.253;7.232;7.253;7.232;0.42%
12/13/2019;7.223;7.191;7.223;7.19;0.24%
12/12/2019;7.206;7.148;7.206;7.148;1.11%
12/11/2019;7.127;7.12;7.127;7.118;0.18%
12/10/2019;7.114;7.112;7.115;7.109;0.04%
12/09/2019;7.111;7.1;7.119;7.1;0.03%
12/06/2019;7.109;7.114;7.114;7.109;-0.11%
12/05/2019;7.117;7.175;7.175;7.112;-0.71%
12/04/2019;7.168;7.175;7.175;7.157;-0.11%
12/03/2019;7.176;7.133;7.19;7.133;0.49%
12/02/2019;7.141;7.13;7.141;7.119;0.95%
11/29/2019;7.074;7.062;7.074;7.062;0.16%
11/28/2019;7.063;7.086;7.086;7.063;-0.31%
11/27/2019;7.085;7.08;7.094;7.075;0.20%
11/26/2019;7.071;7.073;7.073;7.065;0.01%
11/25/2019;7.07;7.076;7.095;7.07;-0.06%
11/22/2019;7.074;7.09;7.09;7.066;-0.16%
11/21/2019;7.085;7.064;7.093;7.064;0.51%
11/20/2019;7.049;7.054;7.058;7.038;0.20%
11/19/2019;7.035;7.023;7.042;7.019;0.37%
11/18/2019;7.009;7.009;7.037;7.009;-0.53%
11/15/2019;7.046;7.083;7.083;7.043;-0.48%
11/14/2019;7.08;7.078;7.092;7.078;0.17%
11/13/2019;7.068;7.051;7.068;7.051;0.26%
11/12/2019;7.05;7.035;7.05;7.035;0.51%
11/11/2019;7.014;6.955;7.014;6.955;0.60%
11/08/2019;6.972;7.01;7.01;6.972;-0.44%
11/07/2019;7.003;6.972;7.003;6.972;0.55%
11/06/2019;6.965;6.985;6.985;6.942;-0.17%
11/05/2019;6.977;7.007;7.007;6.969;-0.33%
11/04/2019;7;7.005;7.016;7;-0.36%
11/01/2019;7.025;7.018;7.044;7.018;0.29%
10/31/2019;7.005;7.036;7.036;6.997;-0.40%
10/30/2019;7.033;7.04;7.042;7.033;0.00%
10/29/2019;7.033;7.03;7.033;7.03;-0.13%
10/28/2019;7.042;7.088;7.088;7.042;-0.71%
10/25/2019;7.092;7.082;7.094;7.077;0.33%
10/24/2019;7.069;7.084;7.084;7.041;-0.21%
10/23/2019;7.084;7.101;7.101;7.084;-0.20%
10/22/2019;7.098;7.129;7.129;7.098;-0.42%
10/21/2019;7.128;7.125;7.133;7.125;-2.01%
10/19/2019;7.274;7.274;7.274;7.274;1.94%
10/18/2019;7.136;7.134;7.136;7.133;-0.06%
10/17/2019;7.14;7.192;7.192;7.14;-0.57%
10/16/2019;7.181;7.221;7.221;7.181;-0.54%
10/15/2019;7.22;7.219;7.222;7.213;0.11%
10/14/2019;7.212;7.224;7.237;7.212;-0.58%
10/11/2019;7.254;7.283;7.283;7.254;-0.38%
10/10/2019;7.282;7.276;7.285;7.276;0.15%
10/09/2019;7.271;7.261;7.271;7.26;0.19%
10/08/2019;7.257;7.245;7.257;7.245;0.23%
10/07/2019;7.24;7.224;7.247;7.224;0.14%
10/04/2019;7.23;7.262;7.264;7.23;-0.41%
10/03/2019;7.26;7.283;7.283;7.26;-0.21%
10/02/2019;7.275;7.308;7.308;7.275;-0.36%
10/01/2019;7.301;7.303;7.303;7.296;0.07%
09/30/2019;7.296;7.296;7.318;7.296;-0.50%
09/27/2019;7.333;7.322;7.359;7.322;0.20%
09/26/2019;7.318;7.328;7.328;7.311;-0.15%
09/25/2019;7.329;7.315;7.329;7.315;0.23%
09/24/2019;7.312;7.247;7.312;7.247;0.91%
09/23/2019;7.246;7.227;7.246;7.227;0.04%
09/20/2019;7.243;7.213;7.243;7.213;0.44%
09/19/2019;7.211;7.215;7.218;7.211;-0.21%
09/18/2019;7.226;7.267;7.267;7.226;-0.59%
09/17/2019;7.269;7.252;7.279;7.252;0.43%
09/16/2019;7.238;7.236;7.238;7.206;0.49%
09/13/2019;7.203;7.225;7.225;7.182;-0.73%
09/12/2019;7.256;7.256;7.261;7.256;-0.01%
09/11/2019;7.257;7.257;7.257;7.252;0.03%
09/10/2019;7.255;7.285;7.285;7.247;-0.53%
09/09/2019;7.294;7.32;7.32;7.294;-0.29%
09/06/2019;7.315;7.318;7.321;7.315;-0.05%
09/05/2019;7.319;7.354;7.354;7.319;-0.44%
09/04/2019;7.351;7.356;7.371;7.351;-0.11%
09/03/2019;7.359;7.336;7.359;7.336;0.35%
09/02/2019;7.333;7.371;7.371;7.317;-0.29%
08/30/2019;7.354;7.354;7.361;7.349;0.07%
08/29/2019;7.349;7.332;7.349;7.332;0.30%
08/28/2019;7.327;7.284;7.327;7.284;0.67%
08/27/2019;7.278;7.29;7.29;7.264;-0.11%
08/26/2019;7.286;7.232;7.299;7.232;0.61%
08/23/2019;7.242;7.253;7.262;7.242;-0.03%
08/22/2019;7.244;7.33;7.33;7.227;-0.96%
08/21/2019;7.314;7.355;7.359;7.314;-0.48%
08/20/2019;7.349;7.327;7.356;7.312;0.31%
08/19/2019;7.326;7.372;7.403;7.326;-1.17%
08/16/2019;7.413;7.483;7.484;7.413;-0.63%
08/15/2019;7.46;7.43;7.477;7.43;0.31%
08/14/2019;7.437;7.45;7.461;7.437;-0.32%
08/13/2019;7.461;7.386;7.461;7.379;1.61%
08/12/2019;7.343;7.304;7.343;7.304;0.48%
08/09/2019;7.308;7.388;7.405;7.308;-1.36%
08/08/2019;7.409;7.5;7.505;7.409;-1.34%
08/07/2019;7.51;7.665;7.667;7.51;-2.03%
08/06/2019;7.666;7.689;7.729;7.666;0.54%
08/05/2019;7.625;7.587;7.625;7.578;1.09%
08/02/2019;7.543;7.489;7.544;7.489;0.84%
08/01/2019;7.48;7.377;7.48;7.377;1.38%
07/31/2019;7.378;7.32;7.378;7.32;0.89%
07/30/2019;7.313;7.268;7.315;7.268;0.77%
07/29/2019;7.257;7.202;7.257;7.202;0.58%
07/26/2019;7.215;7.196;7.215;7.186;0.29%
07/25/2019;7.194;7.269;7.269;7.194;-0.99%
07/24/2019;7.266;7.265;7.285;7.265;0.06%
07/23/2019;7.262;7.183;7.262;7.183;1.16%
07/22/2019;7.179;7.17;7.183;7.162;0.55%
07/19/2019;7.14;7.147;7.147;7.127;-0.04%
07/18/2019;7.143;7.121;7.145;7.121;0.38%
07/17/2019;7.116;7.109;7.135;7.109;0.18%
07/16/2019;7.103;7.122;7.131;7.093;-0.27%
07/15/2019;7.122;7.178;7.185;7.122;-1.12%
07/12/2019;7.203;7.221;7.232;7.203;-0.36%
07/11/2019;7.229;7.332;7.332;7.229;-1.42%
07/10/2019;7.333;7.279;7.346;7.279;0.89%
07/09/2019;7.268;7.263;7.271;7.252;0.28%
07/08/2019;7.248;7.186;7.324;7.186;0.43%
07/05/2019;7.217;7.246;7.263;7.217;-0.41%
07/04/2019;7.247;7.313;7.313;7.238;-0.75%
07/03/2019;7.302;7.348;7.36;7.302;-0.57%
07/02/2019;7.344;7.371;7.383;7.344;-0.31%
07/01/2019;7.367;7.381;7.381;7.358;-0.03%
06/28/2019;7.369;7.403;7.409;7.337;-0.67%
06/27/2019;7.419;7.445;7.445;7.419;-0.31%
06/26/2019;7.442;7.435;7.451;7.43;-0.08%
06/25/2019;7.448;7.494;7.494;7.427;-0.49%
06/24/2019;7.485;7.487;7.509;7.48;0.97%
06/21/2019;7.413;7.433;7.433;7.329;-0.64%
06/20/2019;7.461;7.56;7.564;7.461;-1.53%
06/19/2019;7.577;7.652;7.652;7.577;-1.14%
06/18/2019;7.664;7.664;7.664;7.664;-0.01%
06/17/2019;7.665;7.687;7.687;7.652;-0.39%
06/14/2019;7.695;7.708;7.708;7.695;-0.01%
06/13/2019;7.696;7.713;7.717;7.689;-0.06%
06/12/2019;7.701;7.712;7.723;7.701;-0.22%
06/11/2019;7.718;7.737;7.737;7.718;-0.31%
06/10/2019;7.742;7.917;7.917;7.736;-3.50%
05/31/2019;8.023;8.062;8.071;8.023;-0.14%
05/29/2019;8.034;7.963;8.034;7.963;0.94%
05/28/2019;7.959;7.907;7.959;7.907;0.64%
05/27/2019;7.908;7.905;7.919;7.876;-0.29%
05/24/2019;7.931;8.024;8.024;7.931;-1.48%
05/23/2019;8.05;8.099;8.099;8.05;-0.46%
05/22/2019;8.087;8.081;8.087;8.058;-0.02%
05/21/2019;8.089;8.09;8.101;8.084;-0.02%
05/20/2019;8.091;8.042;8.091;8.042;0.71%
05/17/2019;8.034;8.007;8.034;8.002;0.27%
05/16/2019;8.012;8.016;8.023;8.009;-0.10%
05/15/2019;8.02;8.07;8.071;8.012;-0.57%
05/14/2019;8.066;8.042;8.066;8.041;0.40%
05/13/2019;8.034;7.956;8.034;7.956;0.10%
05/10/2019;8.026;8.064;8.064;8.026;-0.40%
05/09/2019;8.058;8.036;8.058;8.036;0.40%
05/08/2019;8.026;7.983;8.026;7.978;0.63%
05/07/2019;7.976;7.938;7.979;7.938;0.57%
05/06/2019;7.931;7.862;7.931;7.862;0.75%
05/03/2019;7.872;7.854;7.889;7.854;0.24%
05/02/2019;7.853;7.784;7.853;7.784;0.67%
04/30/2019;7.801;7.789;7.801;7.784;0.27%
04/29/2019;7.78;7.777;7.785;7.777;0.03%
04/26/2019;7.778;7.76;7.796;7.76;0.53%
04/25/2019;7.737;7.685;7.737;7.68;0.74%
04/24/2019;7.68;7.661;7.682;7.661;0.37%
04/23/2019;7.652;7.627;7.652;7.622;0.46%
04/22/2019;7.617;7.572;7.617;7.572;0.46%
04/18/2019;7.582;7.615;7.615;7.573;-0.62%
04/16/2019;7.629;7.66;7.66;7.629;-0.47%
04/15/2019;7.665;7.671;7.676;7.663;-0.25%
04/12/2019;7.684;7.67;7.703;7.67;0.18%
04/11/2019;7.67;7.68;7.686;7.659;0.03%
04/10/2019;7.668;7.663;7.676;7.663;0.14%
04/09/2019;7.657;7.626;7.665;7.626;0.37%
04/08/2019;7.629;7.567;7.629;7.56;0.87%
04/05/2019;7.563;7.578;7.578;7.551;-0.33%
04/04/2019;7.588;7.602;7.622;7.586;-0.21%
04/02/2019;7.604;7.596;7.604;7.593;0.14%
04/01/2019;7.593;7.623;7.623;7.59;-0.94%
03/29/2019;7.665;7.661;7.683;7.661;0.08%
03/28/2019;7.659;7.627;7.659;7.627;0.49%
03/27/2019;7.622;7.636;7.636;7.608;-0.04%
03/26/2019;7.625;7.652;7.652;7.625;-0.30%
03/25/2019;7.648;7.561;7.649;7.561;0.67%
03/22/2019;7.597;7.599;7.599;7.575;-0.25%
03/21/2019;7.616;7.721;7.721;7.616;-1.28%
03/20/2019;7.715;7.737;7.739;7.715;-0.23%
03/19/2019;7.733;7.733;7.751;7.733;-0.08%
03/18/2019;7.739;7.757;7.757;7.728;-0.81%
03/15/2019;7.802;7.845;7.849;7.802;-0.46%
03/14/2019;7.838;7.875;7.875;7.838;-0.29%
03/13/2019;7.861;7.883;7.883;7.854;-0.34%
03/12/2019;7.888;7.957;7.957;7.888;-0.89%
03/11/2019;7.959;7.957;7.983;7.957;0.01%
03/08/2019;7.958;7.885;7.958;7.88;0.93%
03/06/2019;7.885;7.87;7.885;7.87;0.32%
03/05/2019;7.86;7.865;7.869;7.859;0.00%
03/04/2019;7.86;7.886;7.886;7.86;0.26%
03/01/2019;7.84;7.799;7.84;7.799;0.50%
02/28/2019;7.801;7.801;7.825;7.801;0.08%
02/27/2019;7.795;7.8;7.8;7.756;-0.43%
02/26/2019;7.829;7.908;7.908;7.829;-0.87%
02/25/2019;7.898;7.922;7.957;7.898;-0.74%
02/22/2019;7.957;7.939;7.97;7.939;0.28%
02/21/2019;7.935;7.905;7.935;7.885;0.29%
02/20/2019;7.912;7.987;7.987;7.912;-1.01%
02/19/2019;7.993;7.992;7.997;7.989;-0.22%
02/18/2019;8.011;8.001;8.029;8.001;-0.07%
02/15/2019;8.017;7.974;8.017;7.974;0.64%
02/14/2019;7.966;7.897;7.966;7.897;0.96%
02/13/2019;7.89;7.922;7.931;7.886;-0.60%
02/12/2019;7.938;7.925;7.964;7.925;0.28%
02/11/2019;7.916;7.859;7.918;7.859;0.76%
02/08/2019;7.856;7.816;7.883;7.816;0.85%
02/07/2019;7.79;7.793;7.793;7.736;0.18%
02/06/2019;7.776;7.816;7.836;7.776;-0.89%
02/04/2019;7.846;7.874;7.888;7.846;-0.80%
02/01/2019;7.909;8.025;8.025;7.909;-1.76%
01/31/2019;8.051;8.166;8.166;8.051;-1.36%
01/30/2019;8.162;8.143;8.163;8.143;0.25%
01/29/2019;8.142;8.104;8.142;8.104;0.48%
01/28/2019;8.103;8.081;8.108;8.081;0.01%
01/25/2019;8.102;8.097;8.109;8.097;0.05%
01/24/2019;8.098;8.073;8.098;8.073;0.24%
01/23/2019;8.079;8.102;8.109;8.068;-0.22%
01/22/2019;8.097;8.085;8.107;8.085;0.14%
01/21/2019;8.086;8.067;8.086;8.052;-0.02%
01/18/2019;8.088;8.088;8.097;8.088;0.06%
01/17/2019;8.083;8.066;8.083;8.059;0.14%
01/16/2019;8.072;8.011;8.074;8.011;0.81%
01/15/2019;8.007;7.986;8.007;7.986;0.35%
01/14/2019;7.979;7.996;7.996;7.96;0.24%
01/11/2019;7.96;7.917;7.96;7.917;0.48%
01/10/2019;7.922;7.944;7.944;7.917;-0.36%
01/09/2019;7.951;7.907;7.96;7.907;0.72%
01/08/2019;7.894;7.877;7.894;7.834;0.05%
01/07/2019;7.89;7.961;7.975;7.885;-2.39%
01/04/2019;8.083;8.09;8.1;8.083;0.07%
01/03/2019;8.077;8.012;8.084;8.012;0.82%
01/02/2019;8.011;7.997;8.038;7.997;0.18%
12/31/2018;7.997;8.022;8.022;7.982;0.19%
12/28/2018;7.982;8.022;8.022;7.982;-0.50%
12/27/2018;8.022;8.014;8.036;8.014;0.14%
12/26/2018;8.011;8.088;8.088;8.002;0.36%
12/21/2018;7.982;7.992;7.992;7.98;-0.13%
12/20/2018;7.992;8.022;8.032;7.992;-0.34%
12/19/2018;8.019;8.132;8.132;8.019;-1.39%
12/18/2018;8.132;8.13;8.145;8.13;0.04%
12/17/2018;8.129;8.11;8.129;8.11;0.73%
12/14/2018;8.07;8.125;8.125;8.057;-0.68%
12/13/2018;8.125;8.222;8.222;8.125;-1.16%
12/12/2018;8.22;8.278;8.278;8.22;-0.70%
12/11/2018;8.278;8.109;8.278;8.109;2.11%
12/10/2018;8.107;8.049;8.107;8.049;0.75%
12/07/2018;8.047;7.968;8.047;7.968;0.99%
12/06/2018;7.968;7.869;7.968;7.869;1.27%
12/05/2018;7.868;7.827;7.868;7.827;0.55%
12/04/2018;7.825;7.833;7.833;7.825;-0.10%
12/03/2018;7.833;7.832;7.833;7.832;-0.42%
11/30/2018;7.866;7.934;7.934;7.866;-0.72%
11/29/2018;7.923;7.891;7.939;7.891;0.28%
11/28/2018;7.901;7.892;7.901;7.882;0.22%
11/27/2018;7.884;7.913;7.913;7.884;-0.28%
11/26/2018;7.906;7.87;7.911;7.87;-0.13%
11/23/2018;7.916;7.969;7.969;7.916;-0.88%
11/22/2018;7.986;8.02;8.02;7.986;-0.40%
11/21/2018;8.018;8.041;8.041;8.014;-0.35%
11/19/2018;8.046;8.033;8.046;8.033;-0.32%
11/16/2018;8.072;8.104;8.104;8.072;-0.48%
11/15/2018;8.111;8.155;8.155;8.111;-0.38%
11/14/2018;8.142;8.223;8.223;8.142;-1.01%
11/13/2018;8.225;8.189;8.255;8.189;0.45%
11/12/2018;8.188;8.088;8.188;8.088;1.37%
11/09/2018;8.077;8.061;8.077;8.047;0.00%
11/08/2018;8.077;8.316;8.316;8.072;-0.99%
11/07/2018;8.158;8.316;8.316;8.158;-1.73%
11/06/2018;8.302;8.316;8.363;8.302;-0.40%
11/05/2018;8.335;8.321;8.335;8.287;-0.63%
11/02/2018;8.388;8.518;8.518;8.388;-1.57%
11/01/2018;8.522;8.603;8.603;8.522;-0.92%
10/31/2018;8.601;8.653;8.653;8.601;-0.37%
10/30/2018;8.633;8.653;8.653;8.633;-0.29%
10/29/2018;8.658;8.689;8.689;8.658;-0.10%
10/26/2018;8.667;8.579;8.667;8.579;0.81%
10/25/2018;8.597;8.597;8.597;8.556;-0.08%
10/24/2018;8.604;8.65;8.65;8.604;-0.55%
10/23/2018;8.652;8.685;8.685;8.652;0.00%
10/22/2018;8.652;8.657;8.683;8.652;0.16%
10/19/2018;8.638;8.573;8.638;8.573;0.95%
10/18/2018;8.557;8.686;8.686;8.542;-1.90%
10/17/2018;8.723;8.813;8.813;8.723;-1.48%
10/16/2018;8.854;8.821;8.875;8.821;0.05%
10/15/2018;8.85;8.785;8.861;8.785;1.30%
10/12/2018;8.736;8.673;8.748;8.673;1.72%
10/11/2018;8.588;8.551;8.588;8.541;0.28%
10/10/2018;8.564;8.578;8.596;8.564;0.13%
10/09/2018;8.553;8.438;8.553;8.438;1.42%
10/08/2018;8.433;8.392;8.433;8.392;0.38%
10/05/2018;8.401;8.405;8.422;8.401;-0.02%
10/04/2018;8.403;8.284;8.403;8.284;1.77%
10/03/2018;8.257;8.092;8.267;8.092;2.04%
10/02/2018;8.092;8.03;8.092;8.017;0.82%
10/01/2018;8.026;8.012;8.24;8.012;-2.22%
09/28/2018;8.208;8.222;8.222;8.205;0.07%
09/27/2018;8.202;8.253;8.253;8.202;-0.47%
09/26/2018;8.241;8.229;8.251;8.228;0.17%
09/25/2018;8.227;8.155;8.227;8.155;0.64%
09/24/2018;8.175;8.092;8.279;8.092;-0.06%
09/21/2018;8.18;8.222;8.233;8.18;-0.47%
09/20/2018;8.219;8.248;8.248;8.219;-0.38%
09/19/2018;8.25;8.407;8.407;8.216;-2.30%
09/18/2018;8.444;8.424;8.45;8.424;0.20%
09/17/2018;8.427;8.382;8.43;8.374;-0.81%
09/14/2018;8.496;8.5;8.525;8.496;-0.33%
09/13/2018;8.524;8.62;8.62;8.486;-1.21%
09/12/2018;8.628;8.484;8.648;8.484;1.55%
09/10/2018;8.496;8.464;8.496;8.443;-0.23%
09/07/2018;8.516;8.565;8.565;8.516;-0.76%
09/06/2018;8.581;8.467;8.583;8.435;1.16%
09/05/2018;8.483;8.34;8.483;8.34;1.71%
09/04/2018;8.34;8.218;8.34;8.218;1.34%
09/03/2018;8.23;8.191;8.266;8.188;1.27%
08/31/2018;8.127;7.982;8.127;7.982;2.01%
08/30/2018;7.967;7.954;7.967;7.954;0.34%
08/29/2018;7.94;7.925;7.94;7.907;-0.20%
08/28/2018;7.956;7.942;7.974;7.942;0.25%
08/27/2018;7.936;7.918;7.936;7.918;0.24%
08/24/2018;7.917;7.814;7.917;7.814;1.01%
08/23/2018;7.838;7.827;7.838;7.814;-0.03%
08/21/2018;7.84;7.907;7.907;7.832;-0.92%
08/20/2018;7.913;7.997;7.997;7.913;-0.96%
08/16/2018;7.99;8.001;8.014;7.99;-0.11%
08/15/2018;7.999;8.014;8.014;7.999;-0.07%
08/14/2018;8.005;7.917;8.015;7.917;1.27%
08/13/2018;7.905;7.712;7.905;7.712;2.98%
08/10/2018;7.676;7.612;7.676;7.612;0.67%
08/09/2018;7.625;7.75;7.75;7.616;-1.57%
08/08/2018;7.747;7.784;7.784;7.747;-0.50%
08/07/2018;7.786;7.805;7.805;7.786;-0.19%
08/06/2018;7.801;7.83;7.83;7.801;-0.26%
08/03/2018;7.821;7.756;7.836;7.756;1.18%
08/02/2018;7.73;7.767;7.767;7.719;-0.30%
08/01/2018;7.753;7.756;7.787;7.732;-0.03%
07/31/2018;7.755;7.729;7.768;7.722;0.44%
07/30/2018;7.721;7.707;7.731;7.707;-0.23%
07/27/2018;7.739;7.718;7.752;7.718;0.08%
07/26/2018;7.733;7.76;7.76;7.721;-0.57%
07/25/2018;7.777;7.792;7.792;7.776;-0.26%
07/24/2018;7.797;7.848;7.848;7.797;-0.56%
07/23/2018;7.841;7.824;7.891;7.824;-0.22%
07/20/2018;7.858;7.757;7.858;7.757;1.22%
07/19/2018;7.763;7.636;7.763;7.636;1.97%
07/18/2018;7.613;7.567;7.62;7.567;0.70%
07/17/2018;7.56;7.482;7.564;7.475;0.67%
07/16/2018;7.51;7.468;7.51;7.46;0.40%
07/13/2018;7.48;7.558;7.558;7.48;-0.60%
07/12/2018;7.525;7.456;7.579;7.456;0.94%
07/11/2018;7.455;7.366;7.455;7.356;0.99%
07/10/2018;7.382;7.459;7.459;7.382;-1.56%
07/09/2018;7.499;7.622;7.622;7.48;-1.78%
07/06/2018;7.635;7.727;7.727;7.635;-1.19%
07/05/2018;7.727;7.765;7.765;7.727;-0.91%
07/04/2018;7.798;7.778;7.817;7.778;0.06%
07/03/2018;7.793;7.754;7.793;7.754;0.37%
07/02/2018;7.764;7.739;7.764;7.733;-0.50%
06/29/2018;7.803;7.816;7.816;7.803;-0.26%
06/28/2018;7.823;7.706;7.823;7.706;1.64%
06/27/2018;7.697;7.697;7.697;7.697;1.14%
06/26/2018;7.61;7.627;7.634;7.61;0.61%
06/25/2018;7.564;7.579;7.579;7.532;0.73%
06/22/2018;7.509;7.471;7.509;7.471;0.37%
06/21/2018;7.481;7.502;7.502;7.425;2.34%
06/20/2018;7.31;7.31;7.31;7.31;0.40%
06/08/2018;7.281;7.251;7.281;7.251;0.61%
06/07/2018;7.237;7.197;7.237;7.197;1.08%
06/06/2018;7.16;7.095;7.16;7.095;1.55%
06/05/2018;7.051;6.996;7.051;6.996;1.00%
06/04/2018;6.981;6.934;6.981;6.934;-1.12%
05/31/2018;7.06;7.181;7.181;7.06;-1.44%
05/30/2018;7.163;7.121;7.186;7.121;-0.15%
05/28/2018;7.174;7.342;7.342;7.174;-4.92%
05/25/2018;7.545;7.585;7.585;7.545;-0.79%
05/24/2018;7.605;7.606;7.616;7.605;0.12%
05/23/2018;7.596;7.494;7.596;7.494;1.37%
05/22/2018;7.493;7.484;7.494;7.484;0.67%
05/21/2018;7.443;7.494;7.494;7.44;1.82%
05/20/2018;7.31;7.31;7.31;7.31;0.00%
05/18/2018;7.31;7.248;7.31;7.227;1.05%
05/17/2018;7.234;7.158;7.236;7.158;1.27%
05/16/2018;7.143;7.081;7.191;7.081;0.88%
05/15/2018;7.081;7.083;7.083;7.062;-0.21%
05/14/2018;7.096;7.078;7.115;7.077;-2.10%
05/11/2018;7.248;7.34;7.34;7.248;-0.78%
05/10/2018;7.305;7.305;7.305;7.305;0.00%
05/09/2018;7.305;7.134;7.316;7.134;1.42%
05/08/2018;7.203;7.098;7.203;7.098;2.11%
05/07/2018;7.054;6.967;7.054;6.967;0.83%
05/04/2018;6.996;6.989;7.005;6.984;0.11%
05/03/2018;6.988;6.966;7;6.96;0.34%
05/02/2018;6.964;6.905;6.973;6.905;0.84%
04/30/2018;6.906;6.915;6.922;6.896;-1.76%
04/27/2018;7.03;7.088;7.088;7.01;-1.53%
04/26/2018;7.139;7.026;7.191;7.026;2.06%
04/25/2018;6.995;6.899;7.004;6.899;1.57%
04/24/2018;6.887;6.88;6.892;6.88;0.51%
04/23/2018;6.852;6.806;6.852;6.806;1.56%
04/20/2018;6.747;6.683;6.759;6.683;0.94%
04/19/2018;6.684;6.629;6.684;6.629;0.74%
04/18/2018;6.635;6.624;6.635;6.624;0.26%
04/17/2018;6.618;6.602;6.621;6.602;0.33%
04/16/2018;6.596;6.549;6.596;6.549;0.40%
04/13/2018;6.57;6.584;6.589;6.567;-0.20%
04/12/2018;6.583;6.595;6.604;6.566;-0.11%
04/11/2018;6.59;6.607;6.607;6.588;-0.53%
04/10/2018;6.625;6.626;6.631;6.625;-0.06%
04/09/2018;6.629;6.597;6.629;6.597;0.41%
04/06/2018;6.602;6.599;6.602;6.595;0.14%
04/05/2018;6.593;6.602;6.602;6.583;-0.35%
04/04/2018;6.616;6.614;6.616;6.602;0.11%
04/03/2018;6.609;6.615;6.616;6.603;-0.29%
04/02/2018;6.628;6.639;6.656;6.628;-0.61%
03/29/2018;6.669;6.733;6.733;6.669;-1.52%
03/28/2018;6.772;6.809;6.816;6.768;-0.73%
03/27/2018;6.822;6.865;6.865;6.822;-1.14%
03/26/2018;6.901;6.93;6.93;6.896;0.42%
03/23/2018;6.872;6.751;6.875;6.751;1.64%
03/22/2018;6.761;6.753;6.761;6.734;0.22%
03/21/2018;6.746;6.719;6.746;6.719;0.37%
03/20/2018;6.721;6.774;6.774;6.707;-0.12%
03/19/2018;6.729;6.701;6.77;6.701;-0.07%
03/16/2018;6.734;6.661;6.763;6.661;0.90%
03/15/2018;6.674;6.66;6.674;6.627;-0.27%
03/14/2018;6.692;6.744;6.744;6.692;-1.27%
03/13/2018;6.778;6.83;6.83;6.778;-0.76%
03/12/2018;6.83;6.849;6.852;6.83;0.47%
03/09/2018;6.798;6.729;6.801;6.729;1.27%
03/08/2018;6.713;6.695;6.713;6.678;0.07%
03/07/2018;6.708;6.696;6.708;6.69;0.68%
03/06/2018;6.663;6.617;6.663;6.617;1.29%
03/05/2018;6.578;6.544;6.578;6.544;-0.50%
03/02/2018;6.611;6.61;6.619;6.607;0.02%
03/01/2018;6.61;6.576;6.632;6.576;0.23%
02/28/2018;6.595;6.496;6.595;6.496;1.48%
02/27/2018;6.499;6.494;6.499;6.46;0.02%
02/26/2018;6.498;6.509;6.52;6.496;-1.50%
02/23/2018;6.597;6.563;6.615;6.558;0.76%
02/22/2018;6.547;6.416;6.547;6.416;1.85%
02/21/2018;6.428;6.455;6.465;6.428;-0.60%
02/20/2018;6.467;6.46;6.471;6.46;0.22%
02/19/2018;6.453;6.461;6.468;6.451;0.69%
02/18/2018;6.409;6.409;6.409;6.409;0.00%
02/15/2018;6.409;6.43;6.43;6.393;-0.20%
02/14/2018;6.422;6.405;6.43;6.405;0.63%
02/13/2018;6.382;6.365;6.382;6.36;0.35%
02/12/2018;6.36;6.365;6.365;6.355;-0.05%
02/09/2018;6.363;6.372;6.372;6.348;-0.08%
02/08/2018;6.368;6.374;6.374;6.362;0.02%
02/07/2018;6.367;6.378;6.385;6.367;0.05%
02/06/2018;6.364;6.372;6.377;6.364;0.06%
02/05/2018;6.36;6.257;6.362;6.257;1.60%
02/02/2018;6.26;6.226;6.287;6.225;0.61%
02/01/2018;6.222;6.259;6.259;6.213;-1.52%
01/31/2018;6.318;6.38;6.38;6.295;-0.83%
01/30/2018;6.371;6.27;6.388;6.27;2.63%
01/29/2018;6.208;6.217;6.239;6.208;0.58%
01/26/2018;6.172;6.168;6.172;6.16;0.03%
01/25/2018;6.17;6.167;6.174;6.153;-0.02%
01/24/2018;6.171;6.155;6.179;6.155;0.11%
01/23/2018;6.164;6.135;6.164;6.128;0.62%
01/22/2018;6.126;6.084;6.126;6.084;0.61%
01/19/2018;6.089;6.079;6.092;6.079;0.12%
01/18/2018;6.082;6.084;6.087;6.081;0.05%
01/17/2018;6.079;6.066;6.084;6.066;-0.03%
01/16/2018;6.081;6.08;6.085;6.079;0.08%
01/15/2018;6.076;6.051;6.091;6.051;0.20%
01/12/2018;6.064;6.117;6.117;6.064;-1.11%
01/11/2018;6.132;6.168;6.168;6.132;-0.41%
01/10/2018;6.157;6.088;6.157;6.088;1.27%
01/09/2018;6.08;6.061;6.08;6.048;0.18%
01/08/2018;6.069;6.091;6.091;6.066;-0.25%
01/05/2018;6.084;6.113;6.115;6.084;-0.57%
01/04/2018;6.119;6.263;6.263;6.119;-2.27%
01/03/2018;6.261;6.279;6.28;6.261;-0.29%
01/02/2018;6.279;6.256;6.279;6.256;-0.44%
12/30/2017;6.307;6.307;6.307;6.307;0.00%
12/29/2017;6.307;6.337;6.337;6.307;-0.44%
12/28/2017;6.335;6.349;6.349;6.335;-0.16%
12/27/2017;6.345;6.326;6.345;6.326;-0.35%
12/22/2017;6.367;6.394;6.399;6.367;-0.59%
12/21/2017;6.405;6.452;6.458;6.405;-0.82%
12/20/2017;6.458;6.477;6.477;6.451;-0.39%
12/19/2017;6.483;6.477;6.493;6.476;-0.08%
12/18/2017;6.488;6.46;6.5;6.46;0.06%
12/16/2017;6.484;6.484;6.484;6.484;0.00%
12/15/2017;6.484;6.503;6.503;6.48;-0.34%
12/14/2017;6.506;6.515;6.515;6.5;-0.31%
12/13/2017;6.526;6.515;6.528;6.513;0.12%
12/12/2017;6.518;6.555;6.555;6.515;-0.43%
12/11/2017;6.546;6.539;6.558;6.539;-0.09%
12/08/2017;6.552;6.548;6.564;6.545;0.21%
12/07/2017;6.538;6.501;6.542;6.501;0.49%
12/06/2017;6.506;6.513;6.513;6.502;-0.31%
12/05/2017;6.526;6.516;6.535;6.516;0.25%
12/04/2017;6.51;6.49;6.534;6.49;-0.02%
11/30/2017;6.511;6.505;6.522;6.505;-0.23%
11/29/2017;6.526;6.589;6.589;6.526;-1.08%
11/28/2017;6.597;6.574;6.601;6.574;0.47%
11/27/2017;6.566;6.541;6.566;6.541;0.21%
11/24/2017;6.552;6.56;6.56;6.546;-0.29%
11/23/2017;6.571;6.574;6.574;6.567;-0.35%
11/22/2017;6.594;6.604;6.604;6.59;-0.29%
11/21/2017;6.613;6.64;6.64;6.612;-0.06%
11/20/2017;6.617;6.711;6.711;6.617;-0.88%
11/17/2017;6.676;6.685;6.685;6.676;0.07%
11/16/2017;6.671;6.683;6.683;6.671;0.29%
11/15/2017;6.652;6.674;6.674;6.642;-0.55%
11/14/2017;6.689;6.685;6.692;6.685;0.22%
11/13/2017;6.674;6.698;6.698;6.674;0.45%
11/10/2017;6.644;6.669;6.669;6.642;-0.24%
11/09/2017;6.66;6.66;6.66;6.66;0.05%
11/08/2017;6.657;6.669;6.669;6.657;-0.21%
11/07/2017;6.671;6.675;6.675;6.671;0.11%
11/06/2017;6.664;6.627;6.664;6.627;-0.07%
11/03/2017;6.669;6.731;6.731;6.669;-1.32%
11/02/2017;6.758;6.774;6.774;6.758;-0.13%
11/01/2017;6.767;6.79;6.79;6.762;-0.56%
10/31/2017;6.805;6.831;6.831;6.805;-0.21%
10/30/2017;6.819;6.819;6.819;6.814;0.03%
10/29/2017;6.817;6.817;6.817;6.817;0.00%
10/27/2017;6.817;6.86;6.86;6.817;-0.60%
10/26/2017;6.858;6.843;6.858;6.842;0.94%
10/25/2017;6.794;6.723;6.794;6.723;0.94%
10/24/2017;6.731;6.734;6.748;6.731;0.36%
10/23/2017;6.707;6.684;6.707;6.677;1.19%
10/22/2017;6.628;6.628;6.628;6.628;0.00%
10/20/2017;6.628;6.66;6.66;6.623;-0.26%
10/19/2017;6.645;6.682;6.682;6.633;-0.05%
10/18/2017;6.648;6.61;6.648;6.61;0.90%
10/17/2017;6.589;6.553;6.59;6.553;0.69%
10/16/2017;6.544;6.551;6.551;6.544;-0.20%
10/13/2017;6.557;6.581;6.581;6.557;-0.43%
10/12/2017;6.585;6.577;6.589;6.577;0.14%
10/11/2017;6.576;6.577;6.581;6.574;0.06%
10/10/2017;6.572;6.553;6.572;6.553;0.27%
10/09/2017;6.554;6.558;6.558;6.554;0.82%
10/06/2017;6.501;6.494;6.507;6.494;0.17%
10/05/2017;6.49;6.484;6.494;6.484;-0.25%
10/04/2017;6.506;6.541;6.541;6.506;-0.40%
10/03/2017;6.532;6.486;6.536;6.486;0.94%
10/02/2017;6.471;6.434;6.471;6.434;-0.38%
09/29/2017;6.496;6.638;6.638;6.496;-1.28%
09/28/2017;6.58;6.446;6.591;6.426;3.04%
09/27/2017;6.386;6.337;6.386;6.337;1.00%
09/26/2017;6.323;6.278;6.328;6.278;0.86%
09/25/2017;6.269;6.264;6.301;6.264;-2.79%
09/22/2017;6.449;6.454;6.466;6.449;-0.05%
09/20/2017;6.452;6.474;6.474;6.446;-0.26%
09/19/2017;6.469;6.477;6.477;6.469;-0.26%
09/18/2017;6.486;6.47;6.488;6.468;-0.84%
09/15/2017;6.541;6.543;6.548;6.541;0.46%
09/14/2017;6.511;6.452;6.511;6.444;0.95%
09/13/2017;6.45;6.439;6.458;6.439;0.36%
09/12/2017;6.427;6.393;6.432;6.393;0.72%
09/11/2017;6.381;6.402;6.413;6.364;-1.38%
09/08/2017;6.47;6.543;6.543;6.455;-1.49%
09/07/2017;6.568;6.576;6.576;6.568;0.02%
09/06/2017;6.567;6.618;6.618;6.554;-1.46%
09/05/2017;6.664;6.67;6.67;6.661;0.02%
09/04/2017;6.663;6.665;6.669;6.66;-0.30%
08/31/2017;6.683;6.698;6.698;6.679;-0.59%
08/30/2017;6.723;6.733;6.733;6.716;-0.71%
08/29/2017;6.771;6.759;6.78;6.759;0.13%
08/28/2017;6.762;6.785;6.785;6.761;-0.94%
08/25/2017;6.826;6.853;6.853;6.826;-0.55%
08/24/2017;6.864;6.846;6.875;6.846;0.12%
08/23/2017;6.856;6.87;6.87;6.818;-0.20%
08/22/2017;6.87;6.888;6.888;6.87;-0.20%
08/21/2017;6.884;6.891;6.891;6.884;-0.16%
08/18/2017;6.895;6.896;6.926;6.895;-0.17%
08/16/2017;6.907;6.898;6.907;6.898;0.17%
08/15/2017;6.895;6.898;6.898;6.892;-0.10%
08/14/2017;6.902;6.898;6.91;6.898;0.12%
08/11/2017;6.894;6.877;6.894;6.877;0.42%
08/10/2017;6.865;6.872;6.874;6.856;0.32%
08/09/2017;6.843;6.87;6.87;6.839;-0.62%
08/08/2017;6.886;6.889;6.891;6.886;0.06%
08/07/2017;6.882;6.877;6.895;6.877;-0.17%
08/06/2017;6.894;6.894;6.894;6.894;0.00%
08/04/2017;6.894;6.908;6.908;6.894;-0.26%
08/03/2017;6.912;6.922;6.922;6.909;-0.16%
08/02/2017;6.923;6.934;6.934;6.92;-0.09%
08/01/2017;6.929;6.948;6.948;6.929;-0.27%
07/31/2017;6.948;6.962;6.962;6.948;-0.07%
07/28/2017;6.953;6.953;6.955;6.95;-0.10%
07/27/2017;6.96;6.962;6.965;6.96;0.26%
07/26/2017;6.942;6.953;6.953;6.942;0.20%
07/25/2017;6.928;6.924;6.929;6.923;0.10%
07/24/2017;6.921;6.927;6.941;6.91;-0.07%
07/21/2017;6.926;6.917;6.935;6.917;0.03%
07/20/2017;6.924;6.913;6.924;6.913;-0.03%
07/19/2017;6.926;6.937;6.937;6.918;-0.29%
07/18/2017;6.946;6.951;6.951;6.934;-0.04%
07/17/2017;6.949;6.927;6.95;6.927;-0.24%
07/16/2017;6.966;6.966;6.966;6.966;0.00%
07/14/2017;6.966;6.961;6.977;6.957;-0.03%
07/13/2017;6.968;7.05;7.05;6.958;-1.54%
07/12/2017;7.077;7.151;7.151;7.074;-1.10%
07/11/2017;7.156;7.214;7.214;7.156;-0.80%
07/10/2017;7.214;7.214;7.218;7.204;2.78%
07/07/2017;7.019;6.932;7.074;6.932;2.18%
07/06/2017;6.869;6.803;6.869;6.778;0.99%
07/05/2017;6.802;6.812;6.812;6.799;-0.40%
07/04/2017;6.829;6.866;6.878;6.829;-0.41%
07/03/2017;6.857;6.829;6.857;6.829;0.68%
07/02/2017;6.811;6.811;6.811;6.811;0.00%
07/01/2017;6.811;6.811;6.811;6.811;0.00%
06/25/2017;6.811;6.811;6.811;6.811;0.00%
06/23/2017;6.811;6.811;6.811;6.811;0.00%
06/22/2017;6.811;6.815;6.815;6.811;-0.04%
06/21/2017;6.814;6.781;6.814;6.781;0.59%
06/20/2017;6.774;6.76;6.774;6.746;0.13%
06/19/2017;6.765;6.788;6.793;6.765;-0.51%
06/16/2017;6.8;6.802;6.802;6.792;-0.61%
06/15/2017;6.842;6.874;6.874;6.83;-0.51%
06/14/2017;6.877;6.893;6.893;6.877;-0.30%
06/13/2017;6.898;6.898;6.898;6.891;0.01%
06/12/2017;6.897;6.886;6.907;6.886;-0.07%
06/09/2017;6.902;6.919;6.919;6.902;-0.35%
06/08/2017;6.926;6.932;6.935;6.921;-0.14%
06/07/2017;6.936;6.929;6.936;6.929;0.10%
06/06/2017;6.929;6.938;6.938;6.929;-0.19%
06/05/2017;6.942;6.929;6.942;6.923;0.03%
06/02/2017;6.94;6.946;6.947;6.94;-0.16%
05/31/2017;6.951;6.948;6.952;6.948;0.00%
05/30/2017;6.951;6.938;6.951;6.938;0.17%
05/29/2017;6.939;6.929;6.939;6.929;0.01%
05/26/2017;6.938;6.955;6.955;6.934;-0.20%
05/24/2017;6.952;6.967;6.967;6.943;-0.11%
05/23/2017;6.96;6.958;6.967;6.958;0.07%
05/22/2017;6.955;6.964;7.024;6.932;-2.08%
05/19/2017;7.103;7.073;7.12;7.073;0.58%
05/18/2017;7.062;7.021;7.062;7.021;0.48%
05/17/2017;7.028;7.047;7.047;7.023;-0.11%
05/16/2017;7.036;7.047;7.047;7.032;-0.35%
05/15/2017;7.061;7.092;7.1;7.061;-1.89%
05/12/2017;7.197;7.151;7.218;7.151;0.70%
05/10/2017;7.147;7.116;7.147;7.115;0.61%
05/09/2017;7.104;7.077;7.104;7.069;0.45%
05/08/2017;7.072;7.07;7.072;7.063;0.17%
05/07/2017;7.06;7.06;7.06;7.06;0.00%
05/05/2017;7.06;7.042;7.06;7.042;0.33%
05/04/2017;7.037;7.023;7.038;7.023;0.30%
05/03/2017;7.016;7.033;7.033;7.016;-0.20%
05/02/2017;7.03;7.014;7.031;7.01;-0.01%
04/28/2017;7.031;7.059;7.059;7.031;-0.26%
04/27/2017;7.049;7.031;7.056;7.031;0.21%
04/26/2017;7.034;7.066;7.066;7.034;-0.85%
04/25/2017;7.094;7.105;7.11;7.094;-0.08%
04/22/2017;7.1;7.1;7.1;7.1;0.00%
04/21/2017;7.1;7.105;7.105;7.1;0.10%
04/20/2017;7.093;7.05;7.093;7.05;0.64%
04/19/2017;7.048;7.048;7.048;7.048;0.00%
04/18/2017;7.048;7.034;7.048;7.034;0.27%
04/17/2017;7.029;7.027;7.03;7.02;-0.21%
04/13/2017;7.044;7.066;7.066;7.044;-0.33%
04/12/2017;7.067;7.102;7.102;7.067;-0.52%
04/11/2017;7.104;7.12;7.12;7.097;-0.27%
04/10/2017;7.123;7.111;7.125;7.111;0.18%
04/07/2017;7.11;7.081;7.11;7.078;0.84%
04/06/2017;7.051;7.031;7.051;7.031;0.24%
04/05/2017;7.034;7.015;7.04;7.015;0.31%
04/04/2017;7.012;7.016;7.022;7.012;-0.31%
04/03/2017;7.034;7.019;7.044;7.019;0.07%
03/31/2017;7.029;7.034;7.034;7.024;-0.13%
03/30/2017;7.038;7.08;7.08;7.038;-0.72%
03/29/2017;7.089;7.103;7.103;7.089;-0.07%
03/27/2017;7.094;7.103;7.103;7.089;-0.15%
03/26/2017;7.105;7.105;7.105;7.105;0.00%
03/24/2017;7.105;7.139;7.139;7.105;-0.48%
03/23/2017;7.139;7.158;7.158;7.139;-0.10%
03/22/2017;7.146;7.158;7.158;7.139;0.11%
03/21/2017;7.138;7.167;7.167;7.138;-0.71%
03/20/2017;7.189;7.188;7.207;7.188;-0.77%
03/18/2017;7.245;7.245;7.245;7.245;0.00%
03/17/2017;7.245;7.284;7.287;7.245;-0.73%
03/16/2017;7.298;7.4;7.4;7.298;-1.37%
03/15/2017;7.399;7.46;7.46;7.387;-1.00%
03/14/2017;7.474;7.482;7.496;7.474;-0.09%
03/13/2017;7.481;7.496;7.514;7.481;-0.41%
03/10/2017;7.512;7.455;7.518;7.455;0.89%
03/09/2017;7.446;7.493;7.515;7.446;0.34%
03/08/2017;7.421;7.459;7.488;7.421;-0.79%
03/07/2017;7.48;7.506;7.506;7.478;-0.19%
03/06/2017;7.494;7.495;7.513;7.494;0.16%
03/03/2017;7.482;7.51;7.51;7.481;-0.70%
03/02/2017;7.535;7.543;7.546;7.535;-0.03%
03/01/2017;7.537;7.557;7.557;7.536;-0.07%
02/28/2017;7.542;7.505;7.542;7.505;0.41%
02/27/2017;7.511;7.495;7.511;7.495;-0.58%
02/24/2017;7.555;7.567;7.567;7.555;-0.16%
02/23/2017;7.567;7.582;7.582;7.56;-0.37%
02/22/2017;7.595;7.581;7.596;7.581;0.44%
02/21/2017;7.562;7.557;7.562;7.557;0.37%
02/20/2017;7.534;7.537;7.552;7.534;-0.16%
02/17/2017;7.546;7.549;7.561;7.54;0.01%
02/16/2017;7.545;7.552;7.552;7.541;0.40%
02/15/2017;7.515;7.53;7.53;7.515;-0.20%
02/14/2017;7.53;7.556;7.556;7.53;0.17%
02/13/2017;7.517;7.624;7.624;7.517;0.32%
02/10/2017;7.493;7.524;7.524;7.493;-0.25%
02/09/2017;7.512;7.58;7.58;7.512;-0.56%
02/08/2017;7.554;7.547;7.58;7.547;0.08%
02/07/2017;7.548;7.554;7.554;7.546;-0.33%
02/06/2017;7.573;7.594;7.594;7.573;-0.75%
02/03/2017;7.63;7.649;7.649;7.63;-0.27%
02/02/2017;7.651;7.656;7.657;7.651;0.25%
02/01/2017;7.632;7.633;7.639;7.63;-0.08%
01/31/2017;7.638;7.615;7.638;7.615;0.24%
01/30/2017;7.62;7.623;7.63;7.62;0.05%
01/27/2017;7.616;7.588;7.617;7.588;0.46%
01/26/2017;7.581;7.552;7.581;7.552;0.72%
01/25/2017;7.527;7.553;7.553;7.527;-0.12%
01/24/2017;7.536;7.553;7.553;7.536;-0.33%
01/23/2017;7.561;7.578;7.589;7.561;-0.24%
01/20/2017;7.579;7.584;7.584;7.573;0.20%
01/19/2017;7.564;7.55;7.566;7.544;0.64%
01/18/2017;7.516;7.53;7.53;7.516;-0.32%
01/17/2017;7.54;7.546;7.555;7.536;0.32%
01/16/2017;7.516;7.498;7.539;7.498;0.36%
01/13/2017;7.489;7.592;7.592;7.489;-1.34%
01/12/2017;7.591;7.595;7.595;7.591;-0.04%
01/11/2017;7.594;7.599;7.599;7.592;-0.07%
01/10/2017;7.599;7.615;7.615;7.599;-0.16%
01/09/2017;7.611;7.599;7.611;7.599;0.11%
01/06/2017;7.603;7.606;7.608;7.599;-0.04%
01/05/2017;7.606;7.732;7.732;7.606;-4.07%
01/04/2017;7.929;7.962;7.962;7.929;-0.41%
01/03/2017;7.962;7.923;7.967;7.923;0.26%
12/31/2016;7.941;7.941;7.941;7.941;0.00%
12/30/2016;7.941;7.948;7.948;7.941;-0.09%
12/29/2016;7.948;7.92;7.948;7.92;0.20%
12/28/2016;7.932;7.893;7.932;7.893;0.38%
12/27/2016;7.902;7.905;7.928;7.899;0.11%
12/23/2016;7.893;7.891;7.899;7.878;0.45%
12/22/2016;7.858;7.922;7.922;7.858;-0.27%
12/21/2016;7.879;7.912;7.912;7.879;-0.34%
12/20/2016;7.906;7.984;7.985;7.906;-0.74%
12/19/2016;7.965;7.946;7.985;7.946;-0.60%
12/16/2016;8.013;7.966;8.047;7.966;1.31%
12/15/2016;7.909;7.715;7.909;7.715;1.35%
12/14/2016;7.804;7.715;7.804;7.715;1.28%
12/13/2016;7.705;7.566;7.705;7.566;1.45%
12/09/2016;7.595;7.565;7.595;7.533;0.37%
12/08/2016;7.567;7.943;7.943;7.554;-3.83%
12/07/2016;7.868;7.983;7.998;7.868;-1.63%
12/06/2016;7.998;8.065;8.065;7.988;-0.83%
12/05/2016;8.065;8.072;8.075;8.054;-0.05%
12/02/2016;8.069;8.1;8.1;8.063;-0.25%
12/01/2016;8.089;8.185;8.185;8.089;-1.16%
11/30/2016;8.184;8.275;8.275;8.184;-0.56%
11/29/2016;8.23;8.304;8.304;8.23;-0.83%
11/28/2016;8.299;8.372;8.372;8.299;-0.06%
11/25/2016;8.304;8.186;8.304;8.186;1.76%
11/24/2016;8.16;8.073;8.167;8.073;1.82%
11/23/2016;8.014;7.931;8.024;7.931;1.29%
11/22/2016;7.912;7.882;7.912;7.882;0.75%
11/21/2016;7.853;7.926;7.926;7.834;0.77%
11/18/2016;7.793;7.84;7.84;7.767;0.22%
11/17/2016;7.776;7.845;7.845;7.77;-1.21%
11/16/2016;7.871;7.893;7.901;7.871;-0.64%
11/15/2016;7.922;7.909;7.939;7.909;0.34%
11/14/2016;7.895;7.429;7.895;7.429;5.70%
11/11/2016;7.469;7.426;7.469;7.426;0.70%
11/10/2016;7.417;7.329;7.419;7.329;0.61%
11/09/2016;7.372;7.312;7.372;7.266;1.18%
11/08/2016;7.286;7.35;7.35;7.286;-0.60%
11/07/2016;7.33;7.265;7.33;7.265;0.30%
11/04/2016;7.308;7.275;7.315;7.275;0.58%
11/03/2016;7.266;7.242;7.267;7.242;0.47%
11/02/2016;7.232;7.245;7.245;7.232;-0.10%
11/01/2016;7.239;7.314;7.314;7.239;-0.28%
10/31/2016;7.259;7.123;7.265;7.123;0.81%
10/28/2016;7.201;7.126;7.201;7.126;1.32%
10/27/2016;7.107;7.098;7.107;7.082;0.47%
10/26/2016;7.074;7.079;7.079;7.056;0.34%
10/25/2016;7.05;7.068;7.068;7.043;0.09%
10/24/2016;7.044;7.125;7.125;7.044;-0.54%
10/21/2016;7.082;7.125;7.14;7.082;-0.76%
10/20/2016;7.136;7.119;7.136;7.119;0.21%
10/19/2016;7.121;7.09;7.121;7.09;0.59%
10/18/2016;7.079;7.047;7.087;7.038;0.38%
10/17/2016;7.052;7.026;7.053;7.019;0.00%
10/15/2016;7.052;7.052;7.052;7.052;-0.01%
10/14/2016;7.053;7.095;7.095;7.051;-0.37%
10/13/2016;7.079;7.098;7.106;7.079;-0.58%
10/12/2016;7.12;7.134;7.134;7.119;-0.11%
10/11/2016;7.128;7.119;7.128;7.119;0.15%
10/10/2016;7.117;6.995;7.119;6.995;0.38%
10/07/2016;7.09;7.046;7.09;7.046;0.68%
10/06/2016;7.042;7.019;7.042;7.015;0.43%
10/05/2016;7.012;7.012;7.012;7.005;0.06%
10/04/2016;7.008;7.019;7.019;7.008;-0.45%
10/03/2016;7.04;7.097;7.097;7.038;-0.41%
09/30/2016;7.069;7.022;7.069;7.01;1.20%
09/29/2016;6.985;6.928;6.985;6.928;0.87%
09/28/2016;6.925;6.922;6.925;6.907;0.17%
09/27/2016;6.913;6.909;6.922;6.906;0.09%
09/26/2016;6.907;6.9;6.915;6.9;0.52%
09/25/2016;6.871;6.871;6.871;6.871;0.00%
09/24/2016;6.871;6.871;6.871;6.871;0.00%
09/23/2016;6.871;6.88;6.88;6.856;-0.38%
09/22/2016;6.897;6.971;6.971;6.897;-1.06%
09/21/2016;6.971;6.982;6.982;6.971;-0.09%
09/20/2016;6.977;6.993;6.993;6.976;-0.07%
09/19/2016;6.982;7.008;7.021;6.981;-0.71%
09/17/2016;7.032;7.032;7.032;7.032;0.00%
09/16/2016;7.032;7.081;7.081;7.032;-0.69%
09/15/2016;7.081;7.068;7.097;7.068;0.25%
09/14/2016;7.063;6.984;7.063;6.978;1.26%
09/13/2016;6.975;6.865;6.975;6.865;0.87%
09/09/2016;6.915;6.889;6.92;6.889;0.32%
09/08/2016;6.893;6.888;6.896;6.883;0.13%
09/07/2016;6.884;6.878;6.884;6.87;0.22%
09/06/2016;6.869;6.95;6.95;6.869;-0.62%
09/05/2016;6.912;7.131;7.131;6.912;-1.14%
09/02/2016;6.992;7.066;7.066;6.992;-1.08%
09/01/2016;7.068;7.118;7.118;7.068;-0.98%
08/31/2016;7.138;7.152;7.166;7.138;0.04%
08/30/2016;7.135;7.128;7.139;7.124;0.15%
08/29/2016;7.124;7.132;7.132;7.085;0.91%
08/26/2016;7.06;7.082;7.082;7.058;-0.13%
08/25/2016;7.069;7.108;7.108;7.069;-0.62%
08/24/2016;7.113;7.072;7.12;7.072;0.81%
08/23/2016;7.056;6.915;7.056;6.915;1.86%
08/22/2016;6.927;6.843;6.927;6.843;1.36%
08/19/2016;6.834;6.807;6.834;6.807;0.25%
08/18/2016;6.817;6.83;6.83;6.817;-0.10%
08/16/2016;6.824;6.818;6.827;6.812;0.25%
08/15/2016;6.807;6.78;6.809;6.78;0.37%
08/14/2016;6.782;6.782;6.782;6.782;0.00%
08/13/2016;6.782;6.782;6.782;6.782;0.00%
08/12/2016;6.782;6.801;6.805;6.778;0.04%
08/11/2016;6.779;6.803;6.803;6.778;-0.26%
08/10/2016;6.797;6.859;6.859;6.797;-0.86%
08/09/2016;6.856;6.856;6.857;6.853;0.06%
08/08/2016;6.852;6.866;6.881;6.85;-0.33%
08/06/2016;6.875;6.875;6.875;6.875;0.00%
08/05/2016;6.875;6.912;6.912;6.875;-0.39%
08/04/2016;6.902;6.865;6.902;6.865;0.60%
08/03/2016;6.861;6.848;6.861;6.831;-0.03%
08/02/2016;6.863;6.905;6.905;6.863;-0.68%
08/01/2016;6.91;6.939;6.979;6.906;-0.49%
