Date;Price;Open;High;Low;Vol.;Change %
07/31/2025;220;232;244;214;1.05B;-5.17%
07/30/2025;232;232;240;224;476.08M;0.00%
07/29/2025;232;236;238;226;534.94M;-1.69%
07/28/2025;236;222;238;222;780.46M;8.26%
07/25/2025;218;216;226;212;426.78M;0.93%
07/24/2025;216;224;226;210;457.60M;-2.70%
07/23/2025;222;206;224;202;620.34M;8.82%
07/22/2025;204;218;228;204;1.12B;-4.67%
07/21/2025;214;188;218;188;1.68B;14.44%
07/18/2025;187;187;189;182;414.34M;0.54%
07/17/2025;186;193;193;185;437.08M;-2.11%
07/16/2025;190;180;193;180;860.16M;5.56%
07/15/2025;180;175;182;172;373.81M;2.86%
07/14/2025;175;177;180;175;326.68M;-0.57%
07/11/2025;176;179;181;176;141.34M;-1.12%
07/10/2025;178;182;184;177;207.41M;-2.20%
07/09/2025;182;186;187;181;152.27M;-2.15%
07/08/2025;186;185;188;183;292.62M;0.54%
07/07/2025;185;183;185;179;197.24M;1.65%
07/04/2025;182;188;189;181;252.16M;-2.15%
07/03/2025;186;175;187;172;537.96M;6.90%
07/02/2025;174;178;178;172;168.05M;-1.69%
07/01/2025;177;180;181;171;294.65M;-1.67%
06/30/2025;180;176;183;174;266.01M;2.27%
06/26/2025;176;178;181;175;250.19M;-0.56%
06/25/2025;177;181;182;175;226.32M;-1.67%
06/24/2025;180;178;183;176;323.46M;2.86%
06/23/2025;175;173;184;166;406.77M;-1.69%
06/20/2025;178;178;185;175;326.23M;0.00%
06/19/2025;178;186;187;174;445.94M;-3.78%
06/18/2025;185;190;196;184;285.38M;-2.63%
06/17/2025;190;193;194;184;404.87M;-1.04%
06/16/2025;192;196;204;191;414.98M;-1.54%
06/13/2025;195;197;202;193;311.50M;-1.52%
06/12/2025;198;202;206;190;1.00B;-1.98%
06/11/2025;202;196;202;191;785.79M;5.21%
06/10/2025;192;185;202;185;1.27B;4.35%
06/05/2025;184;192;193;183;637.00M;-3.66%
06/04/2025;191;167;193;165;1.20B;15.06%
06/03/2025;166;166;169;161;299.02M;0.61%
06/02/2025;165;168;170;160;358.98M;-1.20%
05/28/2025;167;173;174;165;373.12M;-2.91%
05/27/2025;172;167;178;167;1.34B;5.52%
05/26/2025;163;162;169;159;942.17M;1.24%
05/23/2025;161;152;162;150;661.02M;5.92%
05/22/2025;152;159;162;151;755.73M;-3.18%
05/21/2025;157;157;159;154;378.99M;0.64%
05/20/2025;156;164;164;154;585.02M;-4.29%
05/19/2025;163;164;166;160;279.58M;0.00%
05/16/2025;163;166;172;160;601.38M;-1.21%
05/15/2025;165;171;172;161;850.49M;-2.37%
05/14/2025;169;154;183;152;1.43B;11.92%
05/09/2025;151;148;156;144;724.67M;2.72%
05/08/2025;147;143;154;138;787.30M;2.80%
05/07/2025;143;143;147;141;398.80M;0.70%
05/06/2025;142;138;142;136;317.42M;5.19%
05/05/2025;135;139;140;134;206.25M;-2.17%
05/02/2025;138;138;148;133;1.56B;5.34%
04/30/2025;131;130;133;125;574.98M;1.55%
04/29/2025;129;114;129;114;768.15M;13.16%
04/28/2025;114;114;117;112;159.83M;0.00%
04/25/2025;114;114;116;111;145.75M;1.79%
04/24/2025;112;116;117;112;98.37M;-2.61%
04/23/2025;115;118;119;113;187.62M;-1.71%
04/22/2025;117;115;117;112;412.09M;6.36%
04/21/2025;110;108;114;108;200.68M;1.85%
04/17/2025;108;108;110;107;136.08M;-0.92%
04/16/2025;109;109;116;107;444.96M;1.87%
04/15/2025;107;112;113;105;381.46M;-2.73%
04/14/2025;110;101;114;101;344.75M;11.11%
04/11/2025;99;93;101;91;204.43M;6.45%
04/10/2025;93;93;96;90;255.90M;8.14%
04/09/2025;86;88;93;83;262.97M;-5.49%
04/08/2025;91;91;96;91;275.58M;-14.15%
03/27/2025;106;103;107;101;139.11M;2.91%
03/26/2025;103;101;106;101;108.17M;1.98%
03/25/2025;101;97;103;97;152.38M;4.12%
03/24/2025;97;105;105;91;324.72M;-6.73%
03/21/2025;104;107;108;101;169.93M;-1.89%
03/20/2025;106;109;111;105;248.61M;-1.85%
03/19/2025;108;110;111;106;213.20M;-0.92%
03/18/2025;109;122;122;91;857.78M;-10.66%
03/17/2025;122;118;124;117;178.29M;3.39%
03/14/2025;118;122;124;116;168.33M;-1.67%
03/13/2025;120;123;125;116;327.26M;-2.44%
03/12/2025;123;128;130;123;203.22M;-3.15%
03/11/2025;127;126;129;124;279.50M;-2.31%
03/10/2025;130;131;136;129;401.52M;0.00%
03/07/2025;130;129;135;128;339.20M;0.78%
03/06/2025;129;129;131;127;146.85M;0.78%
03/05/2025;128;128;133;126;248.34M;0.79%
03/04/2025;127;135;136;125;347.30M;-5.93%
03/03/2025;135;127;136;126;336.77M;8.87%
02/28/2025;124;135;135;121;398.82M;-8.15%
02/27/2025;135;142;144;135;273.74M;-3.57%
02/26/2025;140;135;140;130;289.07M;3.70%
02/25/2025;135;141;149;135;525.37M;-3.57%
02/24/2025;140;145;146;139;234.13M;-3.45%
02/21/2025;145;146;150;142;248.89M;0.00%
02/20/2025;145;145;156;140;1.18B;0.00%
02/19/2025;145;146;147;139;560.66M;0.69%
02/18/2025;144;136;149;133;964.38M;6.67%
02/17/2025;135;122;135;121;852.89M;10.66%
02/14/2025;122;120;125;119;756.12M;3.39%
02/13/2025;118;113;121;111;695.11M;7.27%
02/12/2025;110;112;117;106;511.78M;-1.79%
02/11/2025;112;105;115;105;688.12M;8.74%
02/10/2025;103;110;110;100;479.07M;-6.36%
02/07/2025;110;112;112;106;311.16M;-1.79%
02/06/2025;112;113;114;109;436.33M;-0.88%
02/05/2025;113;119;121;111;1.08B;-3.42%
02/04/2025;117;113;129;113;2.25B;4.46%
02/03/2025;112;114;114;109;213.70M;0.00%
01/31/2025;112;111;116;111;184.24M;0.90%
01/30/2025;111;113;114;107;212.81M;-1.77%
01/24/2025;113;115;116;112;257.65M;-2.59%
01/23/2025;116;115;123;115;646.13M;1.75%
01/22/2025;114;114;117;113;189.27M;0.88%
01/21/2025;113;116;118;113;227.51M;-1.74%
01/20/2025;115;112;120;109;653.92M;3.60%
01/17/2025;111;116;117;111;113.60M;-3.48%
01/16/2025;115;111;117;110;222.76M;4.55%
01/15/2025;110;113;114;109;221.80M;-2.65%
01/14/2025;113;112;115;108;200.02M;1.80%
01/13/2025;111;117;118;110;176.47M;-4.31%
01/10/2025;116;106;116;106;295.63M;9.43%
01/09/2025;106;108;111;105;138.76M;-1.85%
01/08/2025;108;114;114;107;228.42M;-5.26%
01/07/2025;114;115;119;113;137.63M;-0.87%
01/06/2025;115;120;121;114;206.18M;-3.36%
01/03/2025;119;118;124;117;377.49M;0.85%
01/02/2025;118;109;123;106;545.59M;6.31%
12/30/2024;111;105;112;105;98.15M;5.71%
12/27/2024;105;107;109;105;71.51M;-1.87%
12/24/2024;107;107;109;103;111.65M;0.94%
12/23/2024;106;109;109;105;148.44M;-1.85%
12/20/2024;108;110;111;106;90.96M;0.00%
12/19/2024;108;113;113;106;194.04M;-5.26%
12/18/2024;114;115;117;111;78.64M;0.00%
12/17/2024;114;118;121;113;171.66M;-3.39%
12/16/2024;118;118;119;111;214.61M;0.85%
12/13/2024;117;123;123;116;185.16M;-4.88%
12/12/2024;123;122;124;120;215.28M;1.65%
12/11/2024;121;125;128;120;459.65M;-2.42%
12/10/2024;124;123;126;118;686.37M;3.33%
12/09/2024;120;116;122;115;284.76M;3.45%
12/06/2024;116;120;120;115;139.98M;-2.52%
12/05/2024;119;118;123;113;515.37M;3.48%
12/04/2024;115;103;115;103;578.84M;11.65%
12/03/2024;103;103;106;102;135.50M;0.00%
12/02/2024;103;107;111;101;322.15M;-2.83%
11/29/2024;106;107;110;104;444.45M;0.00%
11/28/2024;106;114;117;104;776.05M;-7.02%
11/26/2024;114;118;123;113;372.22M;-2.56%
11/25/2024;117;121;121;116;274.38M;-2.50%
11/22/2024;120;119;122;115;346.37M;0.84%
11/21/2024;119;124;128;119;885.11M;-2.46%
11/20/2024;122;113;124;111;519.91M;7.96%
11/19/2024;113;117;121;112;434.08M;-3.42%
11/18/2024;117;140;140;116;789.97M;0.86%
11/15/2024;116;124;130;107;1.28B;-6.45%
11/14/2024;124;136;142;124;1.17B;-8.82%
11/13/2024;136;119;145;118;2.10B;14.29%
11/12/2024;119;100;123;98;2.16B;17.82%
11/11/2024;101;96;103;95;828.36M;5.21%
11/08/2024;96;92;97;91;217.42M;5.49%
11/07/2024;91;97;98;91;690.71M;-7.14%
11/06/2024;98;103;106;97;1.17B;-3.92%
11/05/2024;102;94;102;93;760.60M;7.37%
11/04/2024;95;92;101;92;722.67M;3.26%
11/01/2024;92;93;94;89;274.28M;-1.08%
10/31/2024;93;95;97;93;239.52M;-1.06%
10/30/2024;94;93;96;92;185.94M;1.08%
10/29/2024;93;96;98;92;405.29M;-3.13%
10/28/2024;96;91;98;86;778.10M;6.67%
10/25/2024;90;99;102;89;782.30M;-8.16%
10/24/2024;98;108;108;97;1.24B;-8.41%
10/23/2024;107;110;117;103;1.73B;-1.83%
10/22/2024;109;97;109;93;1.62B;13.54%
10/21/2024;96;88;98;87;1.36B;10.34%
10/18/2024;87;83;92;82;1.14B;6.10%
10/17/2024;82;78;84;77;707.93M;6.49%
10/16/2024;77;83;83;76;573.17M;-6.10%
10/15/2024;82;78;82;77;1.09B;6.49%
10/14/2024;77;72;77;72;519.62M;6.94%
10/11/2024;72;68;72;68;272.58M;7.46%
10/10/2024;67;67;69;67;164.11M;0.00%
10/09/2024;67;69;70;67;265.20M;-2.90%
10/08/2024;69;72;75;69;296.96M;-2.82%
10/07/2024;71;71;73;70;357.22M;1.43%
10/04/2024;70;70;72;70;192.77M;0.00%
10/03/2024;70;71;73;70;236.60M;-1.41%
10/02/2024;71;75;77;70;1.24B;-5.33%
10/01/2024;75;70;75;69;475.84M;7.14%
09/30/2024;70;69;72;68;284.21M;1.45%
09/27/2024;69;69;70;68;65.20M;1.47%
09/26/2024;68;69;70;67;88.95M;-1.45%
09/25/2024;69;70;72;67;292.42M;-2.82%
09/24/2024;71;73;73;69;228.34M;-1.39%
09/23/2024;72;68;74;68;726.81M;5.88%
09/20/2024;68;69;70;67;386.81M;0.00%
09/19/2024;68;67;69;66;248.67M;3.03%
09/18/2024;66;66;67;65;89.79M;0.00%
09/17/2024;66;64;67;63;184.66M;3.13%
09/13/2024;64;65;65;63;66.51M;-1.54%
09/12/2024;65;66;66;63;177.42M;0.00%
09/11/2024;65;66;66;64;90.32M;0.00%
09/10/2024;65;65;67;65;65.79M;0.00%
09/09/2024;65;67;67;65;95.12M;-2.99%
09/06/2024;67;67;68;66;29.94M;0.00%
09/05/2024;67;68;68;66;36.55M;0.00%
09/04/2024;67;68;68;66;87.02M;-1.47%
09/03/2024;68;67;70;66;384.28M;3.03%
09/02/2024;66;67;68;66;85.02M;-1.49%
08/30/2024;67;66;68;66;64.89M;1.52%
08/29/2024;66;67;68;66;54.28M;-1.49%
08/28/2024;67;67;68;67;53.69M;0.00%
08/27/2024;67;68;68;67;67.28M;0.00%
08/26/2024;67;69;69;67;70.61M;-1.47%
08/23/2024;68;67;69;66;70.05M;3.03%
08/22/2024;66;69;69;66;137.46M;-4.35%
08/21/2024;69;68;71;67;380.87M;1.47%
08/20/2024;68;67;69;67;74.58M;1.49%
08/19/2024;67;68;69;67;65.03M;-1.47%
08/16/2024;68;68;70;68;184.80M;0.00%
08/15/2024;68;67;69;66;164.99M;1.49%
08/14/2024;67;66;67;66;114.54M;0.00%
08/13/2024;67;66;67;66;26.90M;1.52%
08/12/2024;66;67;67;65;66.12M;-1.49%
08/09/2024;67;66;67;65;25.68M;3.08%
08/08/2024;65;66;67;65;20.25M;-1.52%
08/07/2024;66;65;67;64;44.29M;0.00%
08/06/2024;66;65;66;64;73.61M;1.54%
08/05/2024;65;67;68;63;256.90M;-4.41%
08/02/2024;68;68;69;66;97.27M;1.49%
08/01/2024;67;68;72;67;294.68M;0.00%
07/31/2024;67;67;67;65;168.92M;0.00%
07/30/2024;67;66;67;66;67.25M;0.00%
07/29/2024;67;67;68;66;107.68M;0.00%
07/26/2024;67;64;68;64;231.65M;6.35%
07/25/2024;63;64;66;63;86.38M;-1.56%
07/24/2024;64;65;66;63;170.40M;-1.54%
07/23/2024;65;67;67;65;148.84M;-2.99%
07/22/2024;67;66;68;65;165.52M;1.52%
07/19/2024;66;69;69;65;186.71M;-4.35%
07/18/2024;69;69;70;68;88.61M;0.00%
07/17/2024;69;70;72;69;141.89M;-1.43%
07/16/2024;70;70;71;69;104.05M;0.00%
07/15/2024;70;71;73;68;230.07M;0.00%
07/12/2024;70;70;73;69;213.53M;0.00%
07/11/2024;70;65;70;64;227.03M;9.38%
07/10/2024;64;67;67;63;274.73M;-4.48%
07/09/2024;67;70;70;65;165.53M;-2.90%
07/08/2024;69;68;73;67;346.17M;1.47%
07/05/2024;68;67;70;66;262.74M;1.49%
07/04/2024;67;69;69;67;98.70M;-1.47%
07/03/2024;68;64;69;63;436.15M;7.94%
07/02/2024;63;63;67;62;430.76M;0.00%
07/01/2024;63;59;65;59;199.54M;6.78%
06/28/2024;59;58;60;58;17.33M;1.72%
06/27/2024;58;60;61;58;47.13M;-3.33%
06/26/2024;60;58;62;57;137.43M;3.45%
06/25/2024;58;58;59;56;52.93M;0.00%
06/24/2024;58;58;59;57;17.99M;0.00%
06/21/2024;58;58;58;56;53.79M;1.75%
06/20/2024;57;58;59;57;48.19M;0.00%
06/19/2024;57;57;59;57;26.73M;0.00%
06/14/2024;57;57;59;57;26.84M;0.00%
06/13/2024;57;57;58;57;22.69M;0.00%
06/12/2024;57;59;59;57;55.30M;-1.72%
06/11/2024;58;58;60;57;45.26M;1.75%
06/10/2024;57;59;60;56;162.76M;-3.39%
06/07/2024;59;60;61;59;16.16M;-1.67%
06/06/2024;60;60;61;59;53.22M;0.00%
06/05/2024;60;60;61;60;42.97M;0.00%
06/04/2024;60;61;62;59;88.17M;-1.64%
06/03/2024;61;62;63;61;56.69M;-1.61%
05/31/2024;62;60;65;59;265.08M;5.08%
05/30/2024;59;59;60;58;67.82M;0.00%
05/29/2024;59;59;60;58;35.83M;1.72%
05/28/2024;58;58;60;58;72.16M;0.00%
05/27/2024;58;59;60;58;37.58M;-1.69%
05/22/2024;59;60;60;59;18.02M;-1.67%
05/21/2024;60;59;61;59;52.61M;0.00%
05/20/2024;60;59;62;58;101.69M;1.69%
05/17/2024;59;58;59;56;100.12M;1.72%
05/16/2024;58;58;59;58;29.90M;0.00%
05/15/2024;58;59;59;58;36.28M;-1.69%
05/14/2024;59;58;59;58;29.40M;1.72%
05/13/2024;58;58;59;57;40.41M;0.00%
05/08/2024;58;59;60;57;141.98M;0.00%
05/07/2024;58;60;61;58;101.86M;-3.33%
05/06/2024;60;60;61;58;178.05M;0.00%
05/03/2024;60;60;62;60;62.60M;0.00%
05/02/2024;60;63;63;60;73.07M;-3.23%
04/30/2024;62;62;64;61;78.55M;1.64%
04/29/2024;61;61;62;60;66.69M;0.00%
04/26/2024;61;62;63;61;107.83M;-3.17%
04/25/2024;63;66;66;62;121.25M;-3.08%
04/24/2024;65;66;67;64;121.70M;-1.52%
04/23/2024;66;64;70;64;489.11M;3.13%
04/22/2024;64;63;66;62;85.98M;1.59%
04/19/2024;63;63;64;59;189.20M;-1.56%
04/18/2024;64;64;65;62;89.68M;0.00%
04/17/2024;64;64;67;63;101.57M;0.00%
04/16/2024;64;64;65;62;74.94M;0.00%
04/05/2024;64;56;64;56;44.01M;1.59%
04/04/2024;63;64;65;63;56.56M;0.00%
04/03/2024;63;62;64;62;39.06M;1.61%
04/02/2024;62;63;64;62;55.33M;-1.59%
04/01/2024;63;64;66;63;204.65M;0.00%
03/28/2024;63;64;65;62;78.82M;-1.56%
03/27/2024;64;62;65;62;175.07M;3.23%
03/26/2024;62;61;63;61;40.96M;1.64%
03/25/2024;61;63;63;61;46.78M;-1.61%
03/22/2024;62;64;65;62;146.90M;-1.59%
03/21/2024;63;60;66;59;407.96M;5.00%
03/20/2024;60;59;60;58;133.20M;3.45%
03/19/2024;58;57;60;56;115.41M;3.57%
03/18/2024;56;58;58;56;61.40M;-1.75%
03/15/2024;57;59;59;57;50.64M;-3.39%
03/14/2024;59;58;59;58;26.14M;1.72%
03/13/2024;58;58;59;58;37.40M;0.00%
03/08/2024;58;59;60;58;71.40M;-1.69%
03/07/2024;59;59;61;58;96.88M;0.00%
03/06/2024;59;57;59;57;47.44M;3.51%
03/05/2024;57;58;58;56;45.72M;-1.72%
03/04/2024;58;58;59;57;44.29M;1.75%
03/01/2024;57;57;58;56;37.62M;0.00%
02/29/2024;57;57;58;56;45.31M;0.00%
02/28/2024;57;58;59;56;85.24M;-1.72%
02/27/2024;58;59;59;57;60.81M;-1.69%
02/26/2024;59;60;61;59;53.13M;-1.67%
02/23/2024;60;60;62;59;56.45M;0.00%
02/22/2024;60;57;61;56;238.92M;7.14%
02/21/2024;56;57;58;56;18.03M;-1.75%
02/20/2024;57;57;58;56;40.81M;0.00%
02/19/2024;57;58;59;55;68.55M;-1.72%
02/16/2024;58;58;60;57;44.53M;0.00%
02/15/2024;58;59;60;57;83.80M;1.75%
02/13/2024;57;56;58;56;76.84M;1.79%
02/12/2024;56;56;57;55;86.51M;0.00%
02/07/2024;56;57;58;56;65.94M;-1.75%
02/06/2024;57;58;58;57;66.33M;-1.72%
02/05/2024;58;58;59;57;37.35M;1.75%
02/02/2024;57;60;60;57;90.32M;-3.39%
02/01/2024;59;60;61;59;60.05M;0.00%
01/31/2024;59;58;61;58;71.81M;0.00%
01/30/2024;59;58;60;57;182.91M;1.72%
01/29/2024;58;57;60;55;233.63M;1.75%
01/26/2024;57;60;60;56;245.61M;-3.39%
01/25/2024;59;59;62;58;252.78M;-1.67%
01/24/2024;60;62;64;59;134.76M;-3.23%
01/23/2024;62;63;64;61;187.70M;-1.59%
01/22/2024;63;66;66;63;140.94M;-3.08%
01/19/2024;65;66;66;64;68.58M;-1.52%
01/18/2024;66;64;67;64;117.51M;3.13%
01/17/2024;64;64;66;63;132.48M;0.00%
01/16/2024;64;64;65;62;144.20M;0.00%
01/15/2024;64;63;64;62;116.03M;3.23%
01/12/2024;62;65;65;62;149.20M;-3.13%
01/11/2024;64;66;66;64;106.60M;-1.54%
01/10/2024;65;67;68;65;138.45M;-1.52%
01/09/2024;66;65;68;64;252.56M;1.54%
01/08/2024;65;65;67;64;139.02M;-1.52%
01/05/2024;66;68;68;65;151.40M;-2.94%
01/04/2024;68;67;69;67;98.70M;1.49%
01/03/2024;67;68;72;66;521.99M;-1.47%
01/02/2024;68;61;70;60;509.47M;13.33%
12/29/2023;60;62;62;60;131.92M;-1.64%
12/28/2023;61;60;62;60;93.34M;1.67%
12/27/2023;60;60;62;60;162.20M;0.00%
12/22/2023;60;59;62;59;188.57M;1.69%
12/21/2023;59;60;61;59;125.21M;0.00%
12/20/2023;59;61;62;59;188.32M;-1.67%
12/19/2023;60;61;62;59;234.55M;-1.64%
12/18/2023;61;61;64;59;552.65M;0.00%
12/15/2023;61;60;64;55;1.68B;-6.15%
12/14/2023;65;74;75;65;1.05B;-12.16%
12/13/2023;74;74;76;73;190.83M;-1.33%
12/12/2023;75;76;79;72;362.70M;0.00%
12/11/2023;75;81;83;73;768.08M;-7.41%
12/08/2023;81;81;83;80;238.87M;1.25%
12/07/2023;80;86;88;80;584.35M;-5.88%
12/06/2023;85;82;88;81;744.82M;3.66%
12/05/2023;82;80;84;76;718.76M;3.80%
12/04/2023;79;72;82;70;938.38M;11.27%
12/01/2023;71;70;71;68;195.10M;1.43%
11/30/2023;70;69;71;69;171.02M;1.45%
11/29/2023;69;71;75;68;210.42M;-1.43%
11/28/2023;70;70;71;67;327.34M;0.00%
11/27/2023;70;73;73;69;304.87M;-2.78%
11/24/2023;72;74;74;71;79.75M;-1.37%
11/23/2023;73;70;73;70;96.10M;4.29%
11/22/2023;70;72;73;69;162.65M;-1.41%
11/21/2023;71;73;74;71;116.11M;-2.74%
11/20/2023;73;75;76;72;113.20M;-2.67%
11/17/2023;75;75;77;74;181.83M;1.35%
11/16/2023;74;73;76;73;274.36M;1.37%
11/15/2023;73;71;76;69;728.01M;2.82%
11/14/2023;71;73;75;69;409.34M;-2.74%
11/13/2023;73;75;77;72;235.86M;-2.67%
11/10/2023;75;73;77;72;246.38M;2.74%
11/09/2023;73;77;80;71;520.79M;-5.19%
11/08/2023;77;72;79;69;599.27M;6.94%
11/07/2023;72;81;88;57;4.63B;-16.28%
11/06/2023;86;87;90;85;274.13M;-1.15%
11/03/2023;87;85;89;84;315.04M;3.57%
11/02/2023;84;83;88;82;339.23M;2.44%
11/01/2023;82;85;93;81;2.29B;2.50%
10/31/2023;80;79;81;78;202.86M;2.56%
10/30/2023;78;76;80;75;219.39M;2.63%
10/27/2023;76;75;77;73;151.36M;2.70%
10/26/2023;74;78;78;74;304.65M;-3.90%
10/25/2023;77;78;78;76;54.41M;0.00%
10/24/2023;77;76;78;76;60.82M;1.32%
10/23/2023;76;78;79;75;181.16M;-2.56%
10/20/2023;78;79;80;77;154.82M;-1.27%
10/19/2023;79;79;82;77;298.82M;0.00%
10/18/2023;79;81;82;78;142.79M;-2.47%
10/17/2023;81;84;85;80;133.04M;1.25%
10/16/2023;80;81;86;79;297.66M;0.00%
10/13/2023;80;79;83;78;413.09M;1.27%
10/12/2023;79;76;80;75;216.07M;3.95%
10/11/2023;76;77;78;75;117.28M;-1.30%
10/10/2023;77;77;79;76;116.95M;1.32%
10/09/2023;76;74;79;74;391.09M;2.70%
10/06/2023;74;77;78;74;287.56M;-1.33%
10/05/2023;75;76;81;75;483.45M;-1.32%
10/04/2023;76;80;81;75;656.17M;-6.17%
10/03/2023;81;82;83;78;412.86M;-1.22%
10/02/2023;82;85;87;78;809.77M;-3.53%
09/29/2023;85;79;87;78;998.71M;7.59%
09/27/2023;79;71;80;71;708.98M;11.27%
09/26/2023;71;75;81;71;1.82B;-7.79%
09/25/2023;77;70;80;67;1.50B;14.93%
09/22/2023;67;66;68;65;130.66M;1.52%
09/21/2023;66;66;67;65;44.51M;0.00%
09/20/2023;66;66;68;66;54.90M;0.00%
09/19/2023;66;66;68;65;117.41M;0.00%
09/18/2023;66;67;68;65;199.23M;-1.49%
09/15/2023;67;68;69;66;191.36M;-1.47%
09/14/2023;68;66;68;66;93.64M;3.03%
09/13/2023;66;66;68;65;136.06M;0.00%
09/12/2023;66;68;68;65;169.69M;-1.49%
09/11/2023;67;75;75;67;102.86M;0.00%
09/08/2023;67;69;70;67;132.67M;-1.47%
09/07/2023;68;69;70;68;114.17M;-1.45%
09/06/2023;69;69;71;68;213.15M;1.47%
09/05/2023;68;71;72;68;370.92M;-2.86%
09/04/2023;70;68;74;67;805.69M;4.48%
09/01/2023;67;65;69;65;170.66M;3.08%
08/31/2023;65;68;69;64;267.24M;-4.41%
08/30/2023;68;69;71;67;291.17M;0.00%
08/29/2023;68;63;71;62;1.29B;7.94%
08/28/2023;63;62;64;61;162.20M;1.61%
08/25/2023;62;62;63;61;68.67M;0.00%
08/24/2023;62;62;63;61;139.32M;1.64%
08/23/2023;61;62;64;59;406.37M;-3.17%
08/22/2023;63;63;64;62;111.13M;0.00%
08/21/2023;63;61;64;60;475.70M;5.00%
08/18/2023;60;60;61;59;73.13M;0.00%
08/16/2023;60;60;62;58;208.04M;-1.64%
08/15/2023;61;62;62;60;82.10M;0.00%
08/14/2023;61;60;62;59;168.94M;1.67%
08/11/2023;60;60;61;59;65.16M;0.00%
08/10/2023;60;59;61;58;152.57M;1.69%
08/09/2023;59;62;63;58;239.14M;-3.28%
08/08/2023;61;60;63;59;488.15M;3.39%
08/07/2023;59;57;60;56;294.61M;3.51%
08/04/2023;57;58;59;57;142.01M;-1.72%
08/03/2023;58;54;59;53;411.93M;7.41%
08/02/2023;54;55;55;53;72.92M;0.00%
08/01/2023;54;55;55;54;112.91M;-1.82%
07/31/2023;55;56;56;54;122.24M;-1.79%
07/28/2023;56;55;56;54;74.78M;1.82%
07/27/2023;55;56;56;55;62.86M;0.00%
07/26/2023;55;56;57;55;75.64M;-1.79%
07/25/2023;56;56;57;55;84.78M;0.00%
07/24/2023;56;56;58;55;163.83M;0.00%
07/21/2023;56;57;57;56;33.30M;0.00%
07/20/2023;56;54;57;54;105.72M;3.70%
07/18/2023;54;55;56;54;74.65M;-1.82%
07/17/2023;55;55;57;55;60.65M;0.00%
07/14/2023;55;55;56;54;62.35M;1.85%
07/13/2023;54;54;55;53;67.10M;0.00%
07/12/2023;54;54;55;53;48.25M;0.00%
07/11/2023;54;53;56;53;139.00M;1.89%
07/10/2023;53;55;55;53;54.16M;-1.85%
07/07/2023;54;55;56;54;76.88M;-3.57%
07/06/2023;56;53;57;52;232.75M;5.66%
07/05/2023;53;53;55;52;143.48M;0.00%
07/04/2023;53;53;55;52;112.15M;0.00%
07/03/2023;53;52;54;51;146.03M;1.92%
06/27/2023;52;52;53;51;131.32M;0.00%
06/26/2023;52;53;53;50;324.10M;-1.89%
06/23/2023;53;54;55;52;235.50M;-3.64%
06/22/2023;55;55;56;54;96.98M;0.00%
06/21/2023;55;56;57;54;173.25M;0.00%
06/20/2023;55;56;57;55;110.72M;0.00%
06/19/2023;55;55;57;54;217.64M;1.85%
06/16/2023;54;56;58;54;274.44M;-3.57%
06/15/2023;56;71;71;54;1.58B;-8.20%
06/14/2023;61;60;64;55;3.17B;22.00%
06/13/2023;50;50;50;50;155.00M;0.00%
06/12/2023;50;50;50;50;768.40K;0.00%
06/09/2023;50;50;50;50;119.10K;0.00%
06/08/2023;50;50;50;50;1.36M;0.00%
06/07/2023;50;50;50;50;61.30K;0.00%
06/06/2023;50;50;50;50;1.04M;0.00%
06/05/2023;50;50;50;50;397.10K;0.00%
05/31/2023;50;50;50;50;124.60K;0.00%
05/30/2023;50;50;50;50;12.50K;0.00%
05/29/2023;50;50;50;50;122.80K;0.00%
05/26/2023;50;50;50;50;130.70K;0.00%
05/25/2023;50;50;50;50;89.70K;0.00%
05/24/2023;50;50;50;50;197.10K;0.00%
05/23/2023;50;50;50;50;30.20K;0.00%
05/22/2023;50;50;50;50;54.20K;0.00%
05/19/2023;50;50;50;50;135.20K;0.00%
05/17/2023;50;50;50;50;5.80K;0.00%
05/16/2023;50;50;50;50;1.32M;0.00%
05/15/2023;50;50;50;50;202.20K;0.00%
05/12/2023;50;50;50;50;512.50K;0.00%
05/11/2023;50;50;50;50;528.90K;0.00%
05/10/2023;50;50;50;50;274.90K;0.00%
05/09/2023;50;50;50;50;524.50K;0.00%
05/08/2023;50;50;50;50;9.31M;0.00%
05/05/2023;50;50;50;50;79.00K;0.00%
05/04/2023;50;50;50;50;31.00K;0.00%
05/03/2023;50;50;50;50;178.50K;0.00%
05/02/2023;50;50;50;50;123.70K;0.00%
04/28/2023;50;50;50;50;632.00K;0.00%
04/27/2023;50;50;50;50;434.80K;0.00%
04/26/2023;50;50;50;50;891.10K;0.00%
04/18/2023;50;50;50;50;119.20K;0.00%
04/17/2023;50;50;50;50;27.90K;0.00%
04/14/2023;50;50;50;50;42.10K;0.00%
04/13/2023;50;50;50;50;45.20K;0.00%
04/12/2023;50;50;50;50;352.70K;0.00%
04/11/2023;50;50;50;50;75.30K;0.00%
04/10/2023;50;50;50;50;133.90K;0.00%
04/06/2023;50;50;50;50;763.30K;0.00%
04/05/2023;50;50;50;50;186.40K;0.00%
04/04/2023;50;50;50;50;4.91M;0.00%
04/03/2023;50;50;50;50;2.84M;0.00%
03/31/2023;50;50;50;50;621.20K;0.00%
03/30/2023;50;50;50;50;662.60K;0.00%
03/29/2023;50;50;50;50;7.68M;0.00%
03/28/2023;50;50;50;50;21.42M;0.00%
03/27/2023;50;50;50;50;16.34M;0.00%
03/24/2023;50;50;50;50;1.30M;0.00%
03/21/2023;50;50;50;50;147.20K;0.00%
03/20/2023;50;50;50;50;468.90K;0.00%
03/17/2023;50;50;50;50;758.30K;0.00%
03/16/2023;50;50;50;50;113.00K;0.00%
03/15/2023;50;50;50;50;656.10K;0.00%
03/14/2023;50;50;50;50;2.50M;0.00%
03/13/2023;50;50;50;50;8.90M;0.00%
03/10/2023;50;50;51;50;60.61M;0.00%
03/09/2023;50;50;50;50;24.97M;0.00%
03/08/2023;50;50;50;50;11.74M;0.00%
03/07/2023;50;51;51;50;100.49M;-1.96%
03/06/2023;51;50;51;50;174.73M;2.00%
03/03/2023;50;51;52;50;127.26M;-1.96%
03/02/2023;51;52;52;51;19.56M;-1.92%
03/01/2023;52;51;52;51;27.40M;1.96%
02/28/2023;51;51;52;51;47.64M;0.00%
02/27/2023;51;52;54;51;99.26M;-1.92%
02/24/2023;52;53;54;52;21.39M;-1.89%
02/23/2023;53;53;54;52;33.71M;0.00%
02/22/2023;53;53;54;52;37.18M;0.00%
02/21/2023;53;53;54;53;32.12M;0.00%
02/20/2023;53;55;56;52;165.77M;-3.64%
02/17/2023;55;55;57;55;31.05M;0.00%
02/16/2023;55;57;57;55;49.51M;-1.79%
02/15/2023;56;58;58;56;37.26M;-3.45%
02/14/2023;58;57;59;56;145.64M;3.57%
02/13/2023;56;55;57;55;40.61M;1.82%
02/10/2023;55;55;57;54;90.99M;0.00%
02/09/2023;55;56;57;55;64.52M;-1.79%
02/08/2023;56;56;58;55;79.13M;-1.75%
02/07/2023;57;56;58;56;79.00M;1.79%
02/06/2023;56;57;58;55;111.25M;-1.75%
02/03/2023;57;61;61;57;225.26M;-5.00%
02/02/2023;60;60;62;60;79.50M;0.00%
02/01/2023;60;60;63;59;295.57M;0.00%
01/31/2023;60;57;62;57;349.80M;5.26%
01/30/2023;57;58;59;57;62.66M;-1.72%
01/27/2023;58;57;59;57;79.65M;1.75%
01/26/2023;57;59;59;56;110.52M;-3.39%
01/25/2023;59;60;61;58;219.04M;-1.67%
01/24/2023;60;55;61;54;552.00M;9.09%
01/20/2023;55;57;57;53;351.75M;-1.79%
01/19/2023;56;55;57;54;158.65M;3.70%
01/18/2023;54;55;55;53;57.96M;0.00%
01/17/2023;54;54;55;53;102.02M;0.00%
01/16/2023;54;53;54;52;41.71M;1.89%
01/13/2023;53;53;54;52;25.75M;0.00%
01/12/2023;53;53;54;52;44.26M;0.00%
01/11/2023;53;54;54;53;27.73M;-1.85%
01/10/2023;54;53;54;52;94.83M;1.89%
01/09/2023;53;54;54;52;54.46M;-1.85%
01/06/2023;54;52;54;51;127.60M;5.88%
01/05/2023;51;54;54;51;146.37M;-3.77%
01/04/2023;53;55;56;53;72.81M;-3.64%
01/03/2023;55;54;55;53;93.92M;3.77%
01/02/2023;53;53;55;53;32.42M;0.00%
12/30/2022;53;54;55;53;30.24M;-1.85%
12/29/2022;54;53;55;53;38.84M;1.89%
12/28/2022;53;53;55;53;73.54M;0.00%
12/27/2022;53;54;55;53;39.85M;-1.85%
12/26/2022;54;52;54;51;94.55M;3.85%
12/23/2022;52;52;53;51;55.01M;0.00%
12/22/2022;52;53;53;50;65.79M;1.96%
12/21/2022;51;51;52;50;68.47M;0.00%
12/20/2022;51;51;52;50;88.91M;0.00%
12/19/2022;51;50;52;50;324.43M;2.00%
12/16/2022;50;53;53;50;487.57M;-5.66%
12/15/2022;53;54;55;52;162.23M;-1.85%
12/14/2022;54;55;55;53;105.62M;-1.82%
12/13/2022;55;55;55;54;59.85M;1.85%
12/12/2022;54;54;55;53;60.10M;0.00%
12/09/2022;54;54;55;53;82.66M;0.00%
12/08/2022;54;55;57;52;388.52M;-1.82%
12/07/2022;55;56;57;55;119.75M;-1.79%
12/06/2022;56;57;58;56;136.27M;-1.75%
12/05/2022;57;59;60;57;182.99M;-1.72%
12/02/2022;58;60;61;57;307.86M;-1.69%
12/01/2022;59;54;60;54;386.87M;3.51%
11/30/2022;57;57;58;57;56.32M;0.00%
11/29/2022;57;58;58;56;97.23M;0.00%
11/28/2022;57;60;60;57;204.47M;-5.00%
11/25/2022;60;59;60;59;81.81M;1.69%
11/24/2022;59;60;62;59;178.76M;-1.67%
11/23/2022;60;59;61;59;129.07M;1.69%
11/22/2022;59;59;61;58;190.62M;0.00%
11/21/2022;59;60;60;58;135.75M;0.00%
11/18/2022;59;57;60;56;383.38M;3.51%
11/17/2022;57;57;57;56;59.46M;0.00%
11/16/2022;57;58;59;56;232.05M;-1.72%
11/15/2022;58;58;60;56;224.29M;-1.69%
11/14/2022;59;60;62;58;169.41M;-1.67%
11/11/2022;60;60;63;60;165.98M;-1.64%
11/10/2022;61;62;62;58;241.18M;-1.61%
11/09/2022;62;62;63;61;202.60M;1.64%
11/08/2022;61;60;63;59;426.60M;3.39%
11/07/2022;59;58;60;57;280.28M;1.72%
11/04/2022;58;58;59;56;186.35M;-1.69%
11/03/2022;59;58;59;57;166.75M;3.51%
11/02/2022;57;59;60;57;225.14M;-3.39%
11/01/2022;59;61;62;57;458.80M;-3.28%
10/31/2022;61;60;63;60;297.59M;1.67%
10/28/2022;60;64;64;59;722.71M;-4.76%
10/27/2022;63;65;66;63;322.29M;-1.56%
10/26/2022;64;67;67;63;281.54M;-3.03%
10/25/2022;66;67;69;64;387.45M;-1.49%
10/24/2022;67;65;70;65;456.98M;1.52%
10/21/2022;66;63;67;62;461.79M;4.76%
10/20/2022;63;61;65;60;410.24M;3.28%
10/19/2022;61;64;64;60;579.24M;-4.69%
10/18/2022;64;63;64;61;317.78M;3.23%
10/17/2022;62;63;63;59;541.52M;-1.59%
10/14/2022;63;66;68;62;227.30M;-3.08%
10/13/2022;65;67;69;65;192.90M;-1.52%
10/12/2022;66;63;69;62;368.23M;4.76%
10/11/2022;63;64;68;63;619.09M;-4.55%
10/10/2022;66;70;70;66;393.76M;-5.71%
10/07/2022;70;70;72;67;756.54M;6.06%
10/06/2022;66;68;70;65;348.34M;-1.49%
10/05/2022;67;64;68;63;646.06M;6.35%
10/04/2022;63;61;64;61;512.40M;5.00%
10/03/2022;60;57;60;57;313.87M;3.45%
09/30/2022;58;56;59;54;225.15M;3.57%
09/29/2022;56;58;61;56;254.15M;-1.75%
09/28/2022;57;59;61;57;176.81M;-3.39%
09/27/2022;59;57;61;55;408.80M;3.51%
09/26/2022;57;61;61;57;462.42M;-6.56%
09/23/2022;61;66;66;61;286.81M;-6.15%
09/22/2022;65;62;66;59;572.02M;4.84%
09/21/2022;62;66;67;62;791.58M;-6.06%
09/20/2022;66;65;71;63;1.80B;-1.49%
09/19/2022;67;70;73;67;468.48M;-6.94%
09/16/2022;72;74;75;72;893.81M;-6.49%
09/15/2022;77;84;84;77;865.01M;-6.10%
09/14/2022;82;84;85;80;691.60M;-2.38%
09/13/2022;84;87;88;84;412.73M;-3.45%
09/12/2022;87;88;89;84;692.85M;0.00%
09/09/2022;87;86;89;81;697.99M;1.16%
09/08/2022;86;90;90;83;947.26M;-3.37%
09/07/2022;89;93;93;85;1.20B;-2.20%
09/06/2022;91;90;95;89;1.30B;2.25%
09/05/2022;89;85;91;83;1.51B;4.71%
09/02/2022;85;86;92;82;1.91B;0.00%
09/01/2022;85;80;89;78;1.94B;6.25%
08/31/2022;80;77;82;77;1.50B;-2.44%
08/30/2022;82;90;90;82;2.21B;-6.82%
08/29/2022;88;71;88;69;2.22B;20.55%
08/26/2022;73;76;76;72;630.65M;-1.35%
08/25/2022;74;70;75;69;1.63B;7.25%
08/24/2022;69;70;72;67;784.83M;-1.43%
08/23/2022;70;71;74;67;1.27B;-2.78%
08/22/2022;72;78;78;72;669.64M;-6.49%
08/19/2022;77;76;81;75;1.51B;2.67%
08/18/2022;75;75;77;73;1.02B;1.35%
08/16/2022;74;74;77;72;931.47M;0.00%
08/15/2022;74;76;81;73;1.37B;-1.33%
08/12/2022;75;73;81;71;2.18B;4.17%
08/11/2022;72;67;76;66;1.30B;7.46%
08/10/2022;67;72;72;66;1.16B;-4.29%
08/09/2022;70;61;70;59;2.03B;14.75%
08/08/2022;61;60;63;60;201.17M;1.67%
08/05/2022;60;60;62;59;189.83M;0.00%
08/04/2022;60;58;65;57;1.15B;5.26%
08/03/2022;57;61;61;57;186.44M;0.00%
08/02/2022;57;59;59;57;120.35M;-1.72%
08/01/2022;58;57;60;57;122.66M;1.75%
07/29/2022;57;56;59;55;126.86M;1.79%
07/28/2022;56;57;58;54;269.04M;-1.75%
07/27/2022;57;60;61;57;419.78M;-6.56%
07/26/2022;61;62;65;60;695.19M;0.00%
07/25/2022;61;61;62;59;369.93M;1.67%
07/22/2022;60;57;62;57;444.99M;5.26%
07/21/2022;57;56;58;55;131.28M;1.79%
07/20/2022;56;56;58;56;122.06M;0.00%
07/19/2022;56;55;57;54;154.97M;3.70%
07/18/2022;54;55;56;54;33.36M;-1.82%
07/15/2022;55;56;56;55;44.00M;-1.79%
07/14/2022;56;57;57;55;27.27M;-1.75%
07/13/2022;57;57;59;56;174.01M;0.00%
07/12/2022;57;55;58;54;231.05M;3.64%
07/11/2022;55;54;55;54;26.05M;0.00%
07/08/2022;55;55;55;53;98.29M;0.00%
07/07/2022;55;55;55;54;25.46M;0.00%
07/06/2022;55;54;55;53;42.09M;1.85%
07/05/2022;54;53;56;53;135.54M;1.89%
07/04/2022;53;53;55;53;123.35M;0.00%
07/01/2022;53;54;55;52;162.36M;-1.85%
06/30/2022;54;54;55;53;80.26M;0.00%
06/29/2022;54;63;63;54;368.63M;-6.90%
06/28/2022;58;58;59;56;71.06M;0.00%
06/27/2022;58;60;61;57;77.41M;-4.92%
06/24/2022;61;58;61;58;73.16M;3.39%
06/23/2022;59;61;63;57;285.76M;-3.28%
06/22/2022;61;63;65;61;122.36M;-3.17%
06/21/2022;63;64;66;61;193.96M;-1.56%
06/20/2022;64;65;66;63;350.62M;1.59%
06/17/2022;63;59;63;58;442.47M;6.78%
06/16/2022;59;59;67;58;1.15B;-1.67%
06/15/2022;60;52;61;52;1.10B;15.38%
06/14/2022;52;53;54;52;55.74M;0.00%
06/13/2022;52;53;54;52;53.15M;-1.89%
06/10/2022;53;54;55;53;71.66M;-1.85%
06/09/2022;54;54;56;54;47.19M;-1.82%
06/08/2022;55;57;57;54;60.47M;-1.79%
06/07/2022;56;54;59;53;343.27M;3.70%
06/06/2022;54;53;54;52;79.59M;1.89%
06/03/2022;53;53;54;51;89.37M;0.00%
06/02/2022;53;53;54;53;20.11M;-1.85%
05/31/2022;54;53;54;52;36.21M;1.89%
05/30/2022;53;54;55;53;28.39M;-1.85%
05/27/2022;54;55;55;53;38.39M;-1.82%
05/25/2022;55;54;55;53;31.37M;3.77%
05/24/2022;53;54;54;52;69.14M;-1.85%
05/23/2022;54;54;57;54;99.18M;-1.82%
05/20/2022;55;55;56;54;77.62M;0.00%
05/19/2022;55;54;56;54;34.48M;0.00%
05/18/2022;55;55;58;55;60.48M;1.85%
05/17/2022;54;55;56;53;69.07M;-1.82%
05/13/2022;55;53;57;52;97.14M;3.77%
05/12/2022;53;56;59;53;282.51M;-5.36%
05/11/2022;56;56;57;55;47.17M;0.00%
05/10/2022;56;57;58;54;254.07M;-1.75%
05/09/2022;57;56;59;55;152.53M;1.79%
04/28/2022;56;57;58;55;195.44M;0.00%
04/27/2022;56;51;57;50;299.30M;9.80%
04/26/2022;51;54;54;50;357.84M;-3.77%
04/25/2022;53;52;55;52;891.06M;-3.64%
04/22/2022;55;57;57;55;163.89M;-6.78%
04/21/2022;59;62;62;59;494.16M;-6.35%
04/20/2022;63;67;68;63;456.51M;-5.97%
04/19/2022;67;72;74;67;1.12B;-6.94%
04/18/2022;72;71;74;69;767.29M;-2.70%
04/14/2022;74;70;75;70;731.93M;7.25%
04/13/2022;69;68;72;68;467.86M;2.99%
04/12/2022;67;71;75;67;1.26B;-5.63%
04/11/2022;71;65;79;65;2.81B;9.23%
04/08/2022;65;59;65;58;1.47B;12.07%
04/07/2022;58;55;61;54;1.73B;7.41%
04/06/2022;54;54;55;53;278.42M;0.00%
04/05/2022;54;54;56;52;531.22M;0.00%
04/04/2022;54;50;54;50;492.19M;5.88%
04/01/2022;51;54;55;51;551.23M;-5.56%
03/31/2022;54;60;60;54;943.54M;-5.26%
03/30/2022;57;50;57;50;1.04B;14.00%
03/29/2022;50;51;51;50;447.34M;0.00%
03/28/2022;50;50;51;50;867.79M;0.00%
03/25/2022;50;50;50;50;23.14M;0.00%
03/24/2022;50;50;50;50;975.00K;0.00%
03/23/2022;50;50;50;50;364.10K;0.00%
03/22/2022;50;50;50;50;1.15M;0.00%
03/21/2022;50;50;50;50;5.50K;0.00%
03/18/2022;50;50;50;50;140.40K;0.00%
03/17/2022;50;50;50;50;5.20K;0.00%
03/16/2022;50;50;50;50;18.00K;0.00%
03/15/2022;50;50;50;50;0.20K;0.00%
03/14/2022;50;50;50;50;194.80K;0.00%
03/11/2022;50;50;50;50;35.70K;0.00%
03/10/2022;50;50;50;50;2.50K;0.00%
03/09/2022;50;50;50;50;512.30K;0.00%
03/08/2022;50;50;50;50;259.30K;0.00%
03/07/2022;50;50;50;50;3.51M;0.00%
03/04/2022;50;50;50;50;506.00K;0.00%
03/02/2022;50;50;50;50;106.40K;0.00%
03/01/2022;50;50;50;50;213.90K;0.00%
02/25/2022;50;50;50;50;63.30K;0.00%
02/24/2022;50;50;50;50;22.70K;0.00%
02/23/2022;50;50;50;50;251.60K;0.00%
02/22/2022;50;50;50;50;15.50K;0.00%
02/21/2022;50;50;50;50;17.80K;0.00%
02/18/2022;50;50;50;50;69.40K;0.00%
02/17/2022;50;50;50;50;85.70K;0.00%
02/16/2022;50;50;50;50;677.50K;0.00%
02/15/2022;50;50;50;50;1.89M;0.00%
02/14/2022;50;50;50;50;135.00K;0.00%
02/11/2022;50;50;50;50;503.40K;0.00%
02/10/2022;50;50;50;50;1.05M;0.00%
02/09/2022;50;50;50;50;535.60K;0.00%
02/08/2022;50;50;50;50;1.42M;0.00%
02/07/2022;50;50;50;50;14.00K;0.00%
02/04/2022;50;50;50;50;208.60K;0.00%
02/03/2022;50;50;50;50;12.90K;0.00%
02/02/2022;50;50;50;50;54.00K;0.00%
01/31/2022;50;50;50;50;33.90K;0.00%
01/28/2022;50;50;50;50;38.60K;0.00%
01/27/2022;50;50;50;50;21.80K;0.00%
01/26/2022;50;50;50;50;13.00K;0.00%
01/25/2022;50;50;50;50;75.30K;0.00%
01/24/2022;50;50;50;50;26.50K;0.00%
01/21/2022;50;50;50;50;476.70K;0.00%
01/20/2022;50;50;50;50;114.80K;0.00%
01/19/2022;50;50;50;50;87.50K;0.00%
01/18/2022;50;50;50;50;119.90K;0.00%
01/17/2022;50;50;50;50;16.00K;0.00%
01/14/2022;50;50;50;50;6.40K;0.00%
01/13/2022;50;50;50;50;37.20K;0.00%
01/12/2022;50;50;50;50;7.30K;0.00%
01/11/2022;50;50;50;50;6.20K;0.00%
01/10/2022;50;50;50;50;157.80K;0.00%
01/07/2022;50;50;50;50;219.80K;0.00%
01/06/2022;50;50;50;50;19.00K;0.00%
01/05/2022;50;50;50;50;41.80K;0.00%
01/04/2022;50;50;50;50;7.20K;0.00%
01/03/2022;50;50;50;50;25.50K;0.00%
12/30/2021;50;50;50;50;191.90K;0.00%
12/29/2021;50;50;50;50;19.90K;0.00%
12/28/2021;50;50;50;50;454.40K;0.00%
12/27/2021;50;50;50;50;9.10K;0.00%
12/24/2021;50;50;50;50;182.70K;0.00%
12/23/2021;50;50;50;50;347.00K;0.00%
12/22/2021;50;50;50;50;97.50K;0.00%
12/21/2021;50;50;50;50;51.00K;0.00%
12/20/2021;50;50;50;50;225.40K;0.00%
12/17/2021;50;50;50;50;173.70K;0.00%
12/16/2021;50;50;50;50;578.50K;0.00%
12/15/2021;50;50;50;50;1.35M;0.00%
12/14/2021;50;50;50;50;2.29M;0.00%
12/13/2021;50;50;50;50;92.80K;0.00%
12/10/2021;50;50;50;50;22.00K;0.00%
12/09/2021;50;50;50;50;24.20K;0.00%
12/08/2021;50;50;50;50;13.90K;0.00%
12/07/2021;50;50;50;50;8.10K;0.00%
12/06/2021;50;50;50;50;61.70K;0.00%
12/03/2021;50;50;50;50;304.50K;0.00%
12/02/2021;50;50;50;50;245.70K;0.00%
12/01/2021;50;50;50;50;35.80K;0.00%
11/30/2021;50;50;50;50;80.10K;0.00%
11/29/2021;50;50;50;50;222.70K;0.00%
11/26/2021;50;50;50;50;72.80K;0.00%
11/25/2021;50;50;50;50;156.80K;0.00%
11/24/2021;50;50;50;50;1.50M;0.00%
11/23/2021;50;50;50;50;140.40K;0.00%
11/22/2021;50;50;50;50;79.80K;0.00%
11/19/2021;50;50;50;50;155.30K;0.00%
11/18/2021;50;50;50;50;869.20K;0.00%
11/17/2021;50;50;50;50;663.30K;0.00%
11/16/2021;50;50;50;50;228.40K;0.00%
11/15/2021;50;50;50;50;104.40K;0.00%
11/12/2021;50;50;50;50;250.40K;0.00%
11/11/2021;50;50;50;50;882.80K;0.00%
11/10/2021;50;50;50;50;482.50K;0.00%
11/09/2021;50;50;50;50;277.60K;0.00%
11/08/2021;50;50;50;50;10.70K;0.00%
11/05/2021;50;50;50;50;24.50K;0.00%
11/04/2021;50;50;50;50;156.60K;0.00%
11/03/2021;50;50;50;50;511.10K;0.00%
11/02/2021;50;50;50;50;141.20K;0.00%
11/01/2021;50;50;50;50;27.50K;0.00%
10/29/2021;50;50;50;50;156.10K;0.00%
10/28/2021;50;50;50;50;16.50K;0.00%
10/27/2021;50;50;50;50;170.20K;0.00%
10/26/2021;50;50;50;50;178.00K;0.00%
10/25/2021;50;50;50;50;3.44M;0.00%
10/22/2021;50;50;50;50;200.30K;0.00%
10/21/2021;50;50;50;50;772.10K;0.00%
10/19/2021;50;50;50;50;472.10K;0.00%
10/18/2021;50;50;50;50;2.04M;0.00%
10/15/2021;50;50;50;50;689.20K;0.00%
10/14/2021;50;50;50;50;83.50K;0.00%
10/13/2021;50;50;50;50;238.40K;0.00%
10/12/2021;50;50;50;50;12.02M;0.00%
10/11/2021;50;50;50;50;3.46M;0.00%
10/08/2021;50;50;50;50;3.17M;0.00%
10/07/2021;50;50;50;50;3.54M;0.00%
10/06/2021;50;50;51;50;116.97M;0.00%
10/05/2021;50;50;53;50;528.26M;0.00%
10/04/2021;50;50;53;50;953.37M;0.00%
10/01/2021;50;50;50;50;904.40K;0.00%
09/30/2021;50;50;50;50;4.15M;0.00%
09/29/2021;50;50;50;50;4.28M;0.00%
09/28/2021;50;50;50;50;1.48M;0.00%
09/27/2021;50;50;50;50;227.00K;0.00%
09/24/2021;50;50;50;50;385.60K;0.00%
09/23/2021;50;50;50;50;38.00K;0.00%
09/22/2021;50;50;50;50;18.90K;0.00%
09/21/2021;50;50;50;50;3.90K;0.00%
09/20/2021;50;50;50;50;38.00K;0.00%
09/17/2021;50;50;50;50;17.60K;0.00%
09/16/2021;50;50;50;50;5.90K;0.00%
09/15/2021;50;50;50;50;40.50K;0.00%
09/14/2021;50;50;50;50;38.90K;0.00%
09/13/2021;50;50;50;50;134.50K;0.00%
09/10/2021;50;50;50;50;399.50K;0.00%
09/09/2021;50;50;50;50;71.60K;0.00%
09/08/2021;50;50;50;50;93.50K;0.00%
09/07/2021;50;50;50;50;57.60K;0.00%
09/06/2021;50;50;50;50;262.80K;0.00%
09/03/2021;50;50;50;50;24.60K;0.00%
09/02/2021;50;50;50;50;3.80K;0.00%
09/01/2021;50;50;50;50;55.00K;0.00%
08/31/2021;50;50;50;50;77.70K;0.00%
08/30/2021;50;50;50;50;40.00K;0.00%
08/27/2021;50;50;50;50;566.50K;0.00%
08/26/2021;50;50;50;50;30.80K;0.00%
08/25/2021;50;50;50;50;199.30K;0.00%
08/24/2021;50;50;50;50;9.50K;0.00%
08/23/2021;50;50;50;50;6.40K;0.00%
08/20/2021;50;50;50;50;72.00K;0.00%
08/19/2021;50;50;50;50;67.30K;0.00%
08/18/2021;50;50;50;50;107.70K;0.00%
08/16/2021;50;50;50;50;248.50K;0.00%
08/13/2021;50;50;50;50;2.30K;0.00%
08/12/2021;50;50;50;50;22.70K;0.00%
08/10/2021;50;50;50;50;552.40K;0.00%
08/09/2021;50;50;50;50;8.60K;0.00%
08/06/2021;50;50;50;50;20.80K;0.00%
08/05/2021;50;50;50;50;6.80K;0.00%
08/04/2021;50;50;50;50;107.40K;0.00%
08/03/2021;50;50;50;50;170.90K;0.00%
08/02/2021;50;50;50;50;463.80K;0.00%
07/30/2021;50;50;50;50;15.60K;0.00%
07/29/2021;50;50;50;50;141.50K;0.00%
07/28/2021;50;50;50;50;127.30K;0.00%
07/27/2021;50;50;50;50;12.80K;0.00%
07/26/2021;50;50;50;50;15.90K;0.00%
07/23/2021;50;50;50;50;745.20K;0.00%
07/22/2021;50;50;50;50;44.30K;0.00%
07/21/2021;50;50;50;50;12.60K;0.00%
07/19/2021;50;50;50;50;26.00K;0.00%
07/16/2021;50;50;50;50;2.60K;0.00%
07/15/2021;50;50;50;50;66.00K;0.00%
07/14/2021;50;50;50;50;7.50K;0.00%
07/13/2021;50;50;50;50;7.40K;0.00%
07/12/2021;50;50;50;50;674.50K;0.00%
07/09/2021;50;50;50;50;20.80K;0.00%
07/08/2021;50;50;50;50;169.30K;0.00%
07/07/2021;50;50;50;50;272.70K;0.00%
07/06/2021;50;50;50;50;1.62M;0.00%
07/05/2021;50;50;50;50;15.00K;0.00%
07/02/2021;50;50;50;50;22.50K;0.00%
07/01/2021;50;50;50;50;29.00K;0.00%
06/30/2021;50;50;50;50;446.00K;0.00%
06/29/2021;50;50;50;50;79.20K;0.00%
06/28/2021;50;50;50;50;14.60K;0.00%
06/25/2021;50;50;50;50;297.80K;0.00%
06/24/2021;50;50;50;50;345.90K;0.00%
06/23/2021;50;50;50;50;699.60K;0.00%
06/22/2021;50;50;50;50;20.80K;0.00%
06/21/2021;50;50;50;50;63.20K;0.00%
06/18/2021;50;50;50;50;90.10K;0.00%
06/17/2021;50;50;50;50;86.40K;0.00%
06/16/2021;50;50;50;50;59.70K;0.00%
06/15/2021;50;50;50;50;110.50K;0.00%
06/14/2021;50;50;50;50;166.90K;0.00%
06/11/2021;50;50;50;50;1.04M;0.00%
06/10/2021;50;50;50;50;160.60K;0.00%
06/09/2021;50;50;50;50;450.30K;0.00%
06/08/2021;50;50;50;50;288.60K;0.00%
06/07/2021;50;50;50;50;387.40K;0.00%
06/04/2021;50;50;50;50;1.15M;0.00%
06/03/2021;50;50;50;50;15.60K;0.00%
06/02/2021;50;50;50;50;139.60K;0.00%
05/31/2021;50;50;50;50;93.10K;0.00%
05/28/2021;50;50;50;50;58.90K;0.00%
05/27/2021;50;50;50;50;15.10K;0.00%
05/25/2021;50;50;50;50;23.20K;0.00%
05/24/2021;50;50;50;50;104.60K;0.00%
05/21/2021;50;50;50;50;49.10K;0.00%
05/20/2021;50;50;50;50;56.00K;0.00%
05/19/2021;50;50;50;50;71.20K;0.00%
05/18/2021;50;50;50;50;655.70K;0.00%
05/17/2021;50;50;50;50;137.90K;0.00%
05/11/2021;50;50;50;50;132.50K;0.00%
05/10/2021;50;50;50;50;247.10K;0.00%
05/07/2021;50;50;50;50;459.20K;0.00%
05/06/2021;50;50;50;50;50.40K;0.00%
05/05/2021;50;50;50;50;142.80K;0.00%
05/04/2021;50;50;50;50;572.80K;0.00%
05/03/2021;50;50;50;50;543.20K;0.00%
04/30/2021;50;50;50;50;47.30K;0.00%
04/29/2021;50;50;50;50;31.10K;0.00%
04/28/2021;50;50;50;50;169.80K;0.00%
04/27/2021;50;50;50;50;126.60K;0.00%
04/26/2021;50;50;50;50;147.10K;0.00%
04/23/2021;50;50;50;50;355.00K;0.00%
04/22/2021;50;50;50;50;87.80K;0.00%
04/21/2021;50;50;50;50;37.60K;0.00%
04/20/2021;50;50;50;50;31.20K;0.00%
04/19/2021;50;50;50;50;49.80K;0.00%
04/16/2021;50;50;50;50;222.20K;0.00%
04/15/2021;50;50;50;50;57.60K;0.00%
04/14/2021;50;50;50;50;139.90K;0.00%
04/13/2021;50;50;50;50;55.10K;0.00%
04/12/2021;50;50;50;50;247.20K;0.00%
04/09/2021;50;50;50;50;1.26M;0.00%
04/08/2021;50;50;50;50;130.40K;0.00%
04/07/2021;50;50;50;50;243.30K;0.00%
04/06/2021;50;50;50;50;45.00K;0.00%
04/05/2021;50;50;50;50;40.70K;0.00%
04/01/2021;50;50;50;50;222.20K;0.00%
03/31/2021;50;50;50;50;34.70K;0.00%
03/30/2021;50;50;50;50;177.10K;0.00%
03/29/2021;50;50;50;50;971.40K;0.00%
03/26/2021;50;50;50;50;482.50K;0.00%
03/25/2021;50;50;50;50;622.90K;0.00%
03/24/2021;50;50;51;50;26.16M;0.00%
03/23/2021;50;50;54;50;829.78M;0.00%
03/22/2021;50;50;50;50;23.86M;0.00%
03/19/2021;50;50;51;50;145.12M;0.00%
03/18/2021;50;50;50;50;616.60K;0.00%
03/17/2021;50;50;50;50;178.60K;0.00%
03/16/2021;50;50;50;50;2.73M;0.00%
03/15/2021;50;50;50;50;408.50K;0.00%
03/12/2021;50;50;50;50;1.50M;0.00%
03/10/2021;50;50;50;50;301.30K;0.00%
03/09/2021;50;50;50;50;289.90K;0.00%
03/08/2021;50;50;50;50;537.80K;0.00%
03/05/2021;50;50;50;50;415.50K;0.00%
03/04/2021;50;50;50;50;1.31M;0.00%
03/03/2021;50;50;50;50;833.50K;0.00%
03/02/2021;50;50;50;50;409.30K;0.00%
03/01/2021;50;50;50;50;589.10K;0.00%
02/26/2021;50;50;50;50;2.53M;0.00%
02/25/2021;50;50;50;50;4.02M;0.00%
02/24/2021;50;50;50;50;396.60K;0.00%
02/23/2021;50;50;50;50;2.45M;0.00%
02/22/2021;50;50;50;50;1.59M;0.00%
02/19/2021;50;50;50;50;529.20K;0.00%
02/18/2021;50;50;50;50;1.95M;0.00%
02/17/2021;50;50;50;50;494.90K;0.00%
02/16/2021;50;50;50;50;622.40K;0.00%
02/15/2021;50;50;50;50;1.23M;0.00%
02/11/2021;50;50;50;50;435.20K;0.00%
02/10/2021;50;50;50;50;2.78M;0.00%
02/09/2021;50;50;50;50;2.84M;0.00%
02/08/2021;50;50;50;50;15.77M;0.00%
02/05/2021;50;50;50;50;5.42M;0.00%
02/04/2021;50;50;50;50;672.20K;0.00%
02/03/2021;50;50;50;50;6.28M;0.00%
02/02/2021;50;50;53;50;443.31M;0.00%
02/01/2021;50;50;50;50;5.78M;0.00%
01/29/2021;50;50;50;50;1.53M;0.00%
01/28/2021;50;50;50;50;6.62M;0.00%
01/27/2021;50;50;50;50;6.86M;0.00%
01/26/2021;50;50;50;50;37.77M;-1.96%
01/25/2021;51;51;51;51;56.32M;-5.56%
01/22/2021;54;54;54;54;82.25M;-6.90%
01/21/2021;58;58;62;58;132.58M;-6.45%
01/20/2021;62;63;63;62;56.02M;-6.06%
01/19/2021;66;72;74;66;1.06B;-5.71%
01/18/2021;70;54;70;53;3.08B;32.08%
01/15/2021;53;50;57;50;2.45B;6.00%
01/14/2021;50;50;50;50;42.19M;0.00%
01/13/2021;50;50;50;50;8.00M;0.00%
01/12/2021;50;50;50;50;137.70K;0.00%
01/11/2021;50;50;50;50;102.90K;0.00%
01/08/2021;50;50;50;50;35.70K;0.00%
01/07/2021;50;50;50;50;1.40K;0.00%
01/06/2021;50;50;50;50;36.90K;0.00%
01/05/2021;50;50;50;50;495.70K;0.00%
01/04/2021;50;50;50;50;187.30K;0.00%
12/30/2020;50;50;50;50;176.50K;0.00%
12/29/2020;50;50;50;50;223.80K;0.00%
12/28/2020;50;50;50;50;12.30K;0.00%
12/23/2020;50;50;50;50;28.20K;0.00%
12/22/2020;50;50;50;50;36.80K;0.00%
12/21/2020;50;50;50;50;949.30K;0.00%
12/18/2020;50;50;50;50;13.52M;0.00%
12/17/2020;50;50;50;50;5.65M;0.00%
12/16/2020;50;50;50;50;216.80K;0.00%
12/15/2020;50;50;50;50;86.10K;0.00%
12/14/2020;50;50;50;50;196.90K;0.00%
12/11/2020;50;50;50;50;64.60K;0.00%
12/10/2020;50;50;50;50;114.50K;0.00%
12/08/2020;50;50;50;50;635.20K;0.00%
12/07/2020;50;50;50;50;4.90M;0.00%
12/04/2020;50;50;50;50;1.21M;0.00%
12/03/2020;50;50;50;50;161.80K;0.00%
12/02/2020;50;50;50;50;93.70K;0.00%
12/01/2020;50;50;50;50;89.10K;0.00%
11/30/2020;50;50;50;50;416.50K;0.00%
11/27/2020;50;50;50;50;2.58M;0.00%
11/26/2020;50;50;50;50;11.82M;0.00%
11/25/2020;50;50;50;50;14.73M;0.00%
11/24/2020;50;50;50;50;516.60K;0.00%
11/23/2020;50;50;50;50;44.60K;0.00%
11/20/2020;50;50;50;50;85.20K;0.00%
11/19/2020;50;50;50;50;27.40K;0.00%
11/18/2020;50;50;50;50;0.10K;0.00%
11/17/2020;50;50;50;50;40.10K;0.00%
11/16/2020;50;50;50;50;25.00K;0.00%
11/13/2020;50;50;50;50;2.20K;0.00%
11/12/2020;50;50;50;50;3.80K;0.00%
11/11/2020;50;50;50;50;33.00K;0.00%
11/10/2020;50;50;50;50;9.80K;0.00%
11/09/2020;50;50;50;50;544.00K;0.00%
11/06/2020;50;50;50;50;23.20K;0.00%
11/05/2020;50;50;50;50;1.30K;0.00%
11/04/2020;50;50;50;50;0.20K;0.00%
11/03/2020;50;50;50;50;10.10K;0.00%
11/02/2020;50;50;50;50;2.00K;0.00%
10/26/2020;50;50;50;50;28.20K;0.00%
10/23/2020;50;50;50;50;0.10K;0.00%
10/21/2020;50;50;50;50;11.30K;0.00%
10/20/2020;50;50;50;50;20.90K;0.00%
10/19/2020;50;50;50;50;51.20K;0.00%
10/16/2020;50;50;50;50;0.30K;0.00%
10/15/2020;50;50;50;50;6.20K;0.00%
10/14/2020;50;50;50;50;4.10K;0.00%
10/13/2020;50;50;50;50;0.30K;0.00%
10/12/2020;50;50;50;50;0.20K;0.00%
10/09/2020;50;50;50;50;140.30K;0.00%
10/08/2020;50;50;50;50;50.40K;0.00%
10/07/2020;50;50;50;50;0.40K;0.00%
10/06/2020;50;50;50;50;150.40K;0.00%
10/02/2020;50;50;50;50;3.00K;0.00%
10/01/2020;50;50;50;50;1.00K;0.00%
09/29/2020;50;50;50;50;0.50K;0.00%
09/28/2020;50;50;50;50;2.10K;0.00%
09/24/2020;50;50;50;50;0.40K;0.00%
09/22/2020;50;50;50;50;20.70K;0.00%
09/21/2020;50;50;50;50;0.20K;0.00%
09/18/2020;50;50;50;50;0.90K;0.00%
09/17/2020;50;50;50;50;0.60K;0.00%
09/16/2020;50;50;50;50;1.30K;0.00%
09/15/2020;50;50;50;50;2.31M;0.00%
09/14/2020;50;50;50;50;0.20K;0.00%
09/09/2020;50;50;50;50;7.20K;0.00%
09/08/2020;50;50;50;50;1.50K;0.00%
09/07/2020;50;50;50;50;2.00K;0.00%
09/04/2020;50;50;50;50;82.10K;0.00%
09/03/2020;50;50;50;50;10.11M;0.00%
09/02/2020;50;50;50;50;1.18M;0.00%
09/01/2020;50;50;50;50;162.10K;0.00%
08/31/2020;50;50;50;50;20.00K;0.00%
08/28/2020;50;50;50;50;1.00K;0.00%
08/27/2020;50;50;50;50;338.80K;0.00%
08/26/2020;50;50;50;50;10.40K;0.00%
08/24/2020;50;50;50;50;10.00K;0.00%
08/19/2020;50;50;50;50;11.70K;0.00%
08/18/2020;50;50;50;50;0.20K;0.00%
08/14/2020;50;50;50;50;0.30K;0.00%
08/13/2020;50;50;50;50;0.30K;0.00%
08/12/2020;50;50;50;50;7.00K;0.00%
08/10/2020;50;50;50;50;0.10K;0.00%
08/07/2020;50;50;50;50;2.00K;0.00%
08/06/2020;50;50;50;50;0.20K;0.00%
08/05/2020;50;50;50;50;22.20K;0.00%
08/04/2020;50;50;50;50;0.40K;0.00%
08/03/2020;50;50;50;50;0.20K;0.00%
